title,company,location,link
C++ and Python software engineers - Metrology,ASML,"Veldhoven, Netherlands",https://stackoverflow.com/jobs/523429
Python Software Engineer (Quant Trading Firm),"Old Mission Capital, LLC","Chicago, IL",https://stackoverflow.com/jobs/528807
Senior Backend Engineer - Python,Cornershop,"São Paulo, Brazil",https://stackoverflow.com/jobs/515697
Python Engineer,McD Tech Labs,"Mountain View, CA",https://stackoverflow.com/jobs/534766
Python Entwickler*in Remote (f/m/d),Ambient,"Köln, Deutschland",https://stackoverflow.com/jobs/493874
Principal Python Engineer,ComplyAdvantage,"London, UK",https://stackoverflow.com/jobs/504216
Backend Engineer (Python/ Django),Sector Labs,"Dubai, United Arab Emirates",https://stackoverflow.com/jobs/518496
Python/Django back-end developer (Remote),Soshace LLC,No office location,https://stackoverflow.com/jobs/561827
Senior Software Developer Python (m/f/d),Ströer Online Marketing,"Hamburg, Deutschland",https://stackoverflow.com/jobs/462625
Python Web Application Developer (Entry or Mid Level),"Cipher Tech Solutions, Inc",No office location,https://stackoverflow.com/jobs/561032
Python Developer (Remote),Finsera,No office location,https://stackoverflow.com/jobs/524065
Software Developer (Python),Picnic,"Amsterdam, Netherlands",https://stackoverflow.com/jobs/292346
Senior Python/Django Full-stack Developer,Apicbase Belgium,No office location,https://stackoverflow.com/jobs/545356
Python Software Developer,EODC GmbH,"Wien, Österreich",https://stackoverflow.com/jobs/496568
Sr. Full Stack Engineer- Python,AutoTrader,"Toronto, ON, Canada",https://stackoverflow.com/jobs/529021
Python Software Engineer - International growing scale-up!,Channable,"Utrecht, Netherlands",https://stackoverflow.com/jobs/265091
Junior Backend (Python / Django) Engineer (m/f/x),Alasco,"München, Germany",https://stackoverflow.com/jobs/559737
Python Software Engineer (Data Pipeline),Bloomreach,No office location,https://stackoverflow.com/jobs/524987
Senior Backend (Python / Django) Engineer (m/f/x),Alasco,"München, Germany",https://stackoverflow.com/jobs/559740
"Tech Lead, Python Systems Engineering",McD Tech Labs,"Mountain View, CA",https://stackoverflow.com/jobs/523801
Backend developer (Python/Django) with a passion for open source,5 Monkeys Agency ABvia5 Monkeys Agency AB,"Göteborg, Sweden",https://stackoverflow.com/jobs/546428
"Python & Typescript Developers (GraphQL, Django, React, Ant Design)",OpenUnited,No office location,https://stackoverflow.com/jobs/565807
"Senior Software Engineer (Back End) - Python, Flask, Sqlalchemy, Redis-queue",Capital Group,"Los Angeles, CA",https://stackoverflow.com/jobs/538624
Senior Software Engineer (Python),HENNGE K.K.,"Tokyo, Japan",https://stackoverflow.com/jobs/555511
Backend developer (Python/Django) with a passion for open source,5 Monkeys Agency ABvia5 Monkeys Agency AB,"Stockholm, Sweden",https://stackoverflow.com/jobs/546429
Softwareentwickler (m/w/d) Backend Python/Go,Hetzner Cloud GmbH,"Unterföhring, Deutschland",https://stackoverflow.com/jobs/272624
Senior Python/Django Full-stack Developer,Apicbase Belgium,No office location,https://stackoverflow.com/jobs/545356
Software Engineer (Java/Python),ComplyAdvantage,"London, UK",https://stackoverflow.com/jobs/528544
Back-End Developer (i.e. Python),Imaginary Cloud,No office location,https://stackoverflow.com/jobs/565769
Python Software Engineer,Captivation Software,"Fort Meade, MD",https://stackoverflow.com/jobs/525426
Junior Backend (Python / Django) Engineer (m/f/x),Alasco,"München, Germany",https://stackoverflow.com/jobs/559737
Senior Data Engineer (Python) - Remote,SemanticBits,No office location,https://stackoverflow.com/jobs/559051
Senior Backend Engineer (Python/Django) (m/f/d),Motius GmbH,"Belgrad, Serbien",https://stackoverflow.com/jobs/565746
Senior Software Developer Python (m/f/d),Ströer Online Marketing,"Hamburg, Deutschland",https://stackoverflow.com/jobs/462625
Senior Python Backend Developer,Alfi Inc.,"Belfast, UK",https://stackoverflow.com/jobs/520640
Python Web Application Developer (Entry or Mid Level),"Cipher Tech Solutions, Inc",No office location,https://stackoverflow.com/jobs/561032
"Python Back End Developer (FastAPI, Django, Celery)","Daupler, Inc.","Kansas City, MO",https://stackoverflow.com/jobs/523350
Senior Fullstack Engineer (Python/Django/React)- #12 of Top-100 Marketplaces,StyleSeat,No office location,https://stackoverflow.com/jobs/561047
Senior Backend Engineer - Python - México,Cornershop by Uber,No office location,https://stackoverflow.com/jobs/526139
Senior Software Engineer - Python,DIGARC,No office location,https://stackoverflow.com/jobs/497630
Python Developer (Remote),X-Team,No office location,https://stackoverflow.com/jobs/534454
Backend developer (Python/Django) with a passion for open source,5 Monkeys Agency ABvia5 Monkeys Agency AB,"Stockholm, Sweden",https://stackoverflow.com/jobs/546429
"Senior Data Engineer (Python, Kafka, Airflow)",AMBOSS,"Berlin, Germany",https://stackoverflow.com/jobs/415218
Software Engineer (Python Data Stack) (m/f/d),QuantCo,"Karlsruhe, Germany",https://stackoverflow.com/jobs/349976
Software Engineer (Python AWS),Wizeline,"Phường 12 (Quận 10), Vietnam",https://stackoverflow.com/jobs/487852
Python Developer/ Data Engineer,Huxley Banking & Financial ServicesviaHuxley (US),"New York, NY",https://stackoverflow.com/jobs/522466
Senior Software Engineer Python,H & M Hennes & Mauritz GBC AB,"Stockholm, Sweden",https://stackoverflow.com/jobs/529343
Python Developer,Risk Focus,No office location,https://stackoverflow.com/jobs/552173
Python Software Engineer,Sav.com,"Chicago, IL",https://stackoverflow.com/jobs/515692
Senior Python Engineer,Huxley Banking & Financial ServicesviaHuxley (US),"Boston, MA",https://stackoverflow.com/jobs/524663
Software Engineers - Cloud Reliability & Infrastructure (Python or Java),Canva,"Sydney, Australia",https://stackoverflow.com/jobs/373689
A 'jack-of-all-trades' for an Agile team - Python Dev/ Tech Lead/ Scrum Master,Pentalog,"Hanoi, Vietnam",https://stackoverflow.com/jobs/554242
Senior Python Engineer,Huxley Banking & Financial ServicesviaHuxley (US),"Boston, MA",https://stackoverflow.com/jobs/524663
"Principal Software Engineer, Data (Python & pandas) - London",Synthace Ltd.,"London, UK",https://stackoverflow.com/jobs/554536
"Senior IoT Developer (M/W/D/) Python, C++",VISPIRON CHARGE-V GmbH,"München, Deutschland",https://stackoverflow.com/jobs/524044
Backend developer (Python/Django) with a passion for open source,5 Monkeys Agency ABvia5 Monkeys Agency AB,"Göteborg, Sweden",https://stackoverflow.com/jobs/546428
Fullstack Developer (Python/React),We Got POP Ltd,"London, UK",https://stackoverflow.com/jobs/525267
"Python & Typescript Developers (GraphQL, Django, React, Ant Design)",OpenUnited,No office location,https://stackoverflow.com/jobs/565807
Contract Python Engineer - £500-600/day - Outside IR35 - Remote/UK - ClimateTech,Confido Talent,No office location,https://stackoverflow.com/jobs/565900
"Senior Software Engineer, Integration QA, Python",Canonical,No office location,https://stackoverflow.com/jobs/519661
Python Developer suchen Kollegen (m/w/d),solute GmbH,"Karlsruhe, Deutschland",https://stackoverflow.com/jobs/284443
Software Engineer (Python AWS),Wizeline,"Phường 12 (Quận 10), Vietnam",https://stackoverflow.com/jobs/487852
"Data Engineer (Python, ETL)",Finsera,No office location,https://stackoverflow.com/jobs/536631
Senior Python Softwareentwickler:in (m/w/d),JobRad GmbH,"Freiburg im Breisgau, Deutschland",https://stackoverflow.com/jobs/563123
"Data Engineer (m/f) (SQL, Python, R, Java)",RIAG DIGITAL,"Wien, Austria",https://stackoverflow.com/jobs/376577
Senior Software Engineer Python,H & M Hennes & Mauritz GBC AB,"Stockholm, Sweden",https://stackoverflow.com/jobs/529343
Software Engineer (Java/Python),ComplyAdvantage,"London, UK",https://stackoverflow.com/jobs/528544
Fullstack Cloud Engineer (Python/React/AWS),Montash,No office location,https://stackoverflow.com/jobs/556128
Python Developer/ Trading Systems Engineer,Huxley Banking & Financial ServicesviaHuxley (US),"New York, NY",https://stackoverflow.com/jobs/522467
"Senior .Net Developer for ML, Computer Vision and Python Algorithm development",MapLarge,No office location,https://stackoverflow.com/jobs/165235
Developer Technology Engineer - Test Automation (C++ / Python / Jenkins),Imagination Technologies,"Kings Langley, UK",https://stackoverflow.com/jobs/543473
"Senior Python Software Developer (m/f/d) @ our Partner ADSPERT (Berlin, remote)",solute GmbH,"Berlin, Deutschland",https://stackoverflow.com/jobs/547853
(Senior) Python Developer (m/f/d),tribe29 GmbH,"München, Deutschland",https://stackoverflow.com/jobs/526671
"IoT / Java, Python Entwickler (w/m/d) - bundesweit & Homeoffice",objective partner AG,"Weinheim, Deutschland",https://stackoverflow.com/jobs/550882
"Junior IoT Developer (M/W/D) Python, C++",VISPIRON CHARGE-V GmbH,"München, Deutschland",https://stackoverflow.com/jobs/548810
Lead Software Engineer - Python Focus Big Loop Systems (m/f/d),CARIAD,"Ingolstadt, Germany",https://stackoverflow.com/jobs/547925
"Senior Python Software Developer (m/f/d) @ our Partner ADSPERT (Berlin, remote)",solute GmbH,"Berlin, Deutschland",https://stackoverflow.com/jobs/547853
"IoT / Java, Python Entwickler (w/m/d) - bundesweit & Homeoffice",objective partner AG,"Weinheim, Deutschland",https://stackoverflow.com/jobs/550882
"Senior .Net Developer for ML, Computer Vision and Python Algorithm development",MapLarge,No office location,https://stackoverflow.com/jobs/165235
Frontend React.js Developer (Remote),Soshace LLC,No office location,https://stackoverflow.com/jobs/561825
Node.js Developer (Remote),Soshace LLC,No office location,https://stackoverflow.com/jobs/561826
Cloud Automation Engineer,tribe29 GmbH,"München, Deutschland",https://stackoverflow.com/jobs/547843
DevOps Engineer with interesting scale up challenges,Channable,"Utrecht, Netherlands",https://stackoverflow.com/jobs/500253
Analyste solution/ Chef de projet déploiement Smart O&M (H/F),ENGIE Digital,"Paris, France",https://stackoverflow.com/jobs/548602
Product Owner Smart O&M (H/F),ENGIE Digital,"Paris, France",https://stackoverflow.com/jobs/554454
QA Analyst (H/F),ENGIE Digital,"Paris, France",https://stackoverflow.com/jobs/528279
"Arista Networks is hiring Front End Engineer for Dublin office(JS, React+Redux)","Arista Networks, Inc","Dublin, Ireland",https://stackoverflow.com/jobs/482910
Senior Full-stack Web Developer,F-Secure,"Poznań, Poland",https://stackoverflow.com/jobs/526479
Senior Full-stack Web Developer,F-Secure,"Basingstoke, UK",https://stackoverflow.com/jobs/535566
Experienced Front-end Developer,F-Secure,"Helsinki, Finland",https://stackoverflow.com/jobs/552301
iOS Developers,F-Secure,"Helsinki, Finland",https://stackoverflow.com/jobs/552307
Android Developer,F-Secure,"Helsinki, Finland",https://stackoverflow.com/jobs/552308
Senior Data Scientist / Data Engineer,F-Secure,"Poznań, Poland",https://stackoverflow.com/jobs/538605
Penetration Tester - Cyber Security,F-Secure,"London, UK",https://stackoverflow.com/jobs/554863
C++ developer in Berlin. 120 000 euro per year,think-cell,"Berlin, Germany",https://stackoverflow.com/jobs/36832
iOS Developer,Marks & Spencer,"London, UK",https://stackoverflow.com/jobs/530984
Full-Stack Software Engineer,Marks & Spencer,"London, UK",https://stackoverflow.com/jobs/530982
Android Developer,Marks & Spencer,"London, UK",https://stackoverflow.com/jobs/530799
Technical Lead - Data Event Platform,Marks & Spencer,"London, UK",https://stackoverflow.com/jobs/530983
Full-stack web developer (in biodiversity informatics),INBO - Research Institute for Nature and Forest,"Brussels, Belgium",https://stackoverflow.com/jobs/565883
Intertoob Scanner Builder (Fullstack Engineer),Carve Systems,"Golden, CO",https://stackoverflow.com/jobs/517498
Software Engineer - Full Stack,UPowr Pty Ltd,"Sydney, Australia",https://stackoverflow.com/jobs/501250
Backend Developer (Node.js),RBW ConsultingviaRBW Consulting,"Boston, MA",https://stackoverflow.com/jobs/565674
Backend Developer,TeleClinic GmbH,No office location,https://stackoverflow.com/jobs/565851
Full-Stack Technical Lead,SSENSE,"Montreal, QC, Canada",https://stackoverflow.com/jobs/521742
Backend Developer,AudioValley,"Paris, France",https://stackoverflow.com/jobs/518186
Django Engineer (human) for Germany's leading local marketing platform,RegioHelden GmbH,"Stuttgart, Germany",https://stackoverflow.com/jobs/565651
Backend Developer,Remote Crew LDA,No office location,https://stackoverflow.com/jobs/565778
"Software Engineer, Backend",SmartNews,"Shibuya City, Japan",https://stackoverflow.com/jobs/208334
Software Engineer,Slimmer AI,"Amsterdam, Netherlands",https://stackoverflow.com/jobs/552562
Staff Software Engineer,BillionToOne,"Menlo Park, CA",https://stackoverflow.com/jobs/565619
Full-Stack Technical Lead,SSENSE,"Austin, TX",https://stackoverflow.com/jobs/521737
Backend Developer - APIs Team,Octopus Energy,"London, UK",https://stackoverflow.com/jobs/533658
Fully Remote Senior or Staff Software Engineer - Platform9,Platform9viaSource Coders,"Mountain View, CA",https://stackoverflow.com/jobs/565834
Backend Developer,Octopus Energy,"London, UK",https://stackoverflow.com/jobs/197943
Lead Data Scientist,Singapore Innovate Pte. Ltd,Singapore,https://stackoverflow.com/jobs/565885
Softwareentwickler*in (m/w/x) (Vollzeit),Orendt Studios GmbH,"Hamburg, Deutschland",https://stackoverflow.com/jobs/565680
Senior Backend Developer - Paylater,Unzer GmbH,"Frankfurt, Germany",https://stackoverflow.com/jobs/536785
"Software Engineer, Backend (EMEA)",Hotjar,No office location,https://stackoverflow.com/jobs/565839
Senior Full Stack Software Engineer,kaliber.ai,"San Francisco, CA",https://stackoverflow.com/jobs/251476
"Software Developers for our offices in Berlin, Hamburg, Göttingen or Abingdon",Evotec SE,"Hamburg, Germany",https://stackoverflow.com/jobs/524299
Backend Software Engineer - Trust and Safety Engineering,ByteDance,Singapore,https://stackoverflow.com/jobs/546396
(Senior) Backend Engineer at sustainable start-up (m/f/x) - Munich or Remote,FINN,"München, Germany",https://stackoverflow.com/jobs/331741
Backend Software Engineer,Armored Things,"Boston, MA",https://stackoverflow.com/jobs/322319
"Full-Stack Developer, Research & Development",Houston Astros Baseball R&D,"Houston, TX",https://stackoverflow.com/jobs/536288
Backend Software Engineer - SDVI Rally Core,SDVI,No office location,https://stackoverflow.com/jobs/451625
Backend Engineer/ Working Student (m/f/d),Motius GmbH,"München, Deutschland",https://stackoverflow.com/jobs/565857
Senior Software Engineer (Frontend),Deepfield Networks,"Ann Arbor, MI",https://stackoverflow.com/jobs/185876
Senior Backend Architect (m/f/d),Motius GmbH,"München, Deutschland",https://stackoverflow.com/jobs/565858
Senior Software Engineer - Remote,Tucows,No office location,https://stackoverflow.com/jobs/556752
Senior Software Developer (Full Stack),Jewel Paymentech Pte Ltd,Singapore,https://stackoverflow.com/jobs/534474
Senior Full Stack Developer,Motosumo ApS,"Herlev, Denmark",https://stackoverflow.com/jobs/565886
Software Engineer (Monitoring System) - Working in Japan,LINE Fukuoka,"Fukuoka, Japan",https://stackoverflow.com/jobs/273841
Software Engineer (Backend) (m/f/d),QuantCo,"Berlin, Germany",https://stackoverflow.com/jobs/409511
Senior Software Engineer - Full-Stack,Blend HRM Inc,"Burlingame, CA",https://stackoverflow.com/jobs/530162
"Software Engineer, Platform Infrastructure",SmartNews,"Shibuya City, Japan",https://stackoverflow.com/jobs/448299
Software Engineer (m/w/d) IoT – Schwerpunkt Stream Analytics,Schuler Pressen GmbH,"Göppingen, Deutschland",https://stackoverflow.com/jobs/562571
Lead Data Scientist,Singapore Innovate Pte. Ltd,Singapore,https://stackoverflow.com/jobs/565885
VP Engineering at sustainable start-up (m/f/x) - Brazil/Latin America (Remote),FINN,"München, Germany",https://stackoverflow.com/jobs/445056
"Full Stack Software Engineer, Business Integrity",ByteDance,Singapore,https://stackoverflow.com/jobs/553099
Front-End Software Engineer,HENNGE K.K.,"Tokyo, Japan",https://stackoverflow.com/jobs/381280
"Senior Site Reliability Engineer (SRE) (m/w/d), 100% Remote möglich",Flip GmbH,"Stuttgart, Deutschland",https://stackoverflow.com/jobs/564247
Front End Software Engineer – HPC Products,DUG Technology,"West Perth, Australia",https://stackoverflow.com/jobs/528137
Senior Backend Developer - Paylater,Unzer GmbH,"Frankfurt, Germany",https://stackoverflow.com/jobs/536785
Remote Fullstack Entwicklerin (m/w/d),Ambient,"Köln, Deutschland",https://stackoverflow.com/jobs/552969
Backend Software Engineer - Trust and Safety Engineering,ByteDance,Singapore,https://stackoverflow.com/jobs/546396
Tech Lead Engineering at sustainable start-up (m/f/x) - Munich/New York/Remote,FINN,"München, Germany",https://stackoverflow.com/jobs/541678
Software Developer / IT Specialist for the Research Infrastructure at our PETRA,Helmholtz Zentrum Geesthacht (HZG),"Hamburg, Deutschland",https://stackoverflow.com/jobs/561270
Lead Full-Stack Software Engineer (Tech Lead) (f/m/d),HeidelbergCement AG,"Heidelberg, Deutschland",https://stackoverflow.com/jobs/557326
"Backend Software Engineer, Customer Service Platform",ByteDance,Singapore,https://stackoverflow.com/jobs/529048
Software Engineer (Monitoring System) - Working in Japan,LINE Fukuoka,"Fukuoka, Japan",https://stackoverflow.com/jobs/273841
Senior IIoT Software Architect (m/f/d),Wiferion GmbH,"Freiburg im Breisgau, Deutschland",https://stackoverflow.com/jobs/565598
Research Software Engineer - HPC (f/m/x),Helmholtz-Zentrum für Umweltforschung GmbH - UFZ,"Leipzig, Deutschland",https://stackoverflow.com/jobs/561021
Senior Software Engineer - Remote,Tucows,No office location,https://stackoverflow.com/jobs/556752
"Junior Developer for Cloud Technologies (Kafka, Flink, Terraform)",reeeliance IM GmbH,"Hamburg, Deutschland",https://stackoverflow.com/jobs/516858
Backend Engineer,Passio Inc.,No office location,https://stackoverflow.com/jobs/555177
Senior Software Engineer - App Store APIs,Canonical,No office location,https://stackoverflow.com/jobs/551466
Software Engineer (Backend) (m/f/d),QuantCo,"Berlin, Germany",https://stackoverflow.com/jobs/409511
Business Intelligence Engineer (all genders),asgoodasnew electronics GmbH,"Berlin, Deutschland",https://stackoverflow.com/jobs/565661
Senior Full Stack Developer at Kogan.com,We Are Common,"Melbourne, Australia",https://stackoverflow.com/jobs/531156
Software Engineer,The Orchard,"London, UK",https://stackoverflow.com/jobs/543314
Software Engineer (m/w/d) IoT,Schuler Pressen GmbH,"Göppingen, Deutschland",https://stackoverflow.com/jobs/562572
Software Engineer in Test,McD Tech Labs,"Mountain View, CA",https://stackoverflow.com/jobs/523806
"Software Engineer, Platform Infrastructure",SmartNews,"Shibuya City, Japan",https://stackoverflow.com/jobs/448299
"Full Stack Developer, Automation Engine",Elisa Polystar,"Helsinki, Finland",https://stackoverflow.com/jobs/558730
Senior Software Engineer,The Orchard,"London, UK",https://stackoverflow.com/jobs/543310
Front-End Software Engineer,HENNGE K.K.,"Tokyo, Japan",https://stackoverflow.com/jobs/381280
Managing Consultant - Senior Software Engineer,Shine Solutions Group Pty Ltd,"Melbourne, Australia",https://stackoverflow.com/jobs/554585
Web Systems Engineer - HPC Products,DUG Technology,"West Perth, Australia",https://stackoverflow.com/jobs/528138
Remote Fullstack Entwicklerin (m/w/d),Ambient,"Köln, Deutschland",https://stackoverflow.com/jobs/552969
Site Reliability Engineering Lead (Remote),Hotjar,No office location,https://stackoverflow.com/jobs/545198
"Senior Developer for Cloud Technologies (Kafka, Flink, Terraform)",reeeliance IM GmbH,"Hamburg, Deutschland",https://stackoverflow.com/jobs/517848
Backend Engineer,AsurionviaComputer Futures Japan,"Tokyo, Japan",https://stackoverflow.com/jobs/516824
Kubernetes Administrator,CYBERTEC PostgreSQL International GmbH,No office location,https://stackoverflow.com/jobs/558995
Senior Software Engineer,Avature,No office location,https://stackoverflow.com/jobs/565333
Middleware C++ Software Engineer for Linux (f/m/x),BMW Group,"Ulm, Deutschland",https://stackoverflow.com/jobs/528145
Sr. or Lead Front End Engineer - Cisco Meraki - Fully Remote (U.S. or Canada),Cisco MerakiviaSource Coders,No office location,https://stackoverflow.com/jobs/565641
"Backend Tech Lead, Customer Service Platform",ByteDance,Singapore,https://stackoverflow.com/jobs/546681
Backend Engineer,Passio Inc.,No office location,https://stackoverflow.com/jobs/555177
Full stack software engineer,Ailo,"Sydney, Australia",https://stackoverflow.com/jobs/372382
Senior Software Engineer - App Store APIs,Canonical,No office location,https://stackoverflow.com/jobs/551466
Senior Software Engineer,Linewize by Family Zone,"Abbotsford, Australia",https://stackoverflow.com/jobs/551649
Software Entwickler (m/w/d),NOVOMATIC AG,"Gumpoldskirchen, Österreich",https://stackoverflow.com/jobs/554829
DevOps Engineer - 100% Remote,Disy Informationssysteme GmbH,"Karlsruhe, Deutschland",https://stackoverflow.com/jobs/383260
"Backend Engineer, Markets",TradeBlock,"New York, NY",https://stackoverflow.com/jobs/559193
Senior Software Engineer,ZAIKO K.K.,"Minato City, Japan",https://stackoverflow.com/jobs/524414
Backend Engineer - Partner API,Runtastic,"Vienna, Austria",https://stackoverflow.com/jobs/507680
Web Engineer,Signal AI,"London, UK",https://stackoverflow.com/jobs/273615
Senior Full Stack Engineer at Leading Education Company,Tynker,No office location,https://stackoverflow.com/jobs/494562
Junior Software Engineer,Akselos S.A.,"Ho Chi Minh City, Vietnam",https://stackoverflow.com/jobs/411389
Senior Backend Engineer (Go),Bigblue,"Paris, France",https://stackoverflow.com/jobs/505290
Research Software Engineer - HPC (f/m/x),Helmholtz-Zentrum für Umweltforschung GmbH - UFZ,"Leipzig, Deutschland",https://stackoverflow.com/jobs/561021
"Software Engineer, Speech & Audio",ByteDance,Singapore,https://stackoverflow.com/jobs/553106
Deep Learning Software Engineer (media software),Intel Corporation,"Bengaluru, India",https://stackoverflow.com/jobs/539260
Senior Backend Engineer @ Number One Safety App In the World,Citizen,No office location,https://stackoverflow.com/jobs/499674
C++ Software Developer (w/m/d) - Automotive Simulation - Munich / DE-remote,Paradox Cat GmbH,"München, Deutschland",https://stackoverflow.com/jobs/551302
Software Allrounder (m/f/d),AnyDesk Software GmbH,"Stuttgart, Deutschland",https://stackoverflow.com/jobs/564248
Junior Frontend (TypeScript / React) Engineer (m/f/x),Alasco,"München, Germany",https://stackoverflow.com/jobs/559738
"Backend Software Engineer, Business Integrity",ByteDance,Singapore,https://stackoverflow.com/jobs/553036
(Senior) Java Software Engineer | Gdansk,Dynatrace,"Gdańsk, Poland",https://stackoverflow.com/jobs/560068
Tech Lead Engineering at sustainable start-up (m/f/x) - Munich/New York/Remote,FINN,"München, Germany",https://stackoverflow.com/jobs/541678
Staff Site Reliability Engineer,McD Tech Labs,"Mountain View, CA",https://stackoverflow.com/jobs/534770
C++ Software Engineer - Amsterdam,IMC Trading,"Amsterdam, Netherlands",https://stackoverflow.com/jobs/126614
Software Engineer - DevOps,Esri,"Stuttgart, Germany",https://stackoverflow.com/jobs/528687
Sr. Software Engineer - PHP - Contractor,DIGARC,No office location,https://stackoverflow.com/jobs/521882
CDI -  Senior Developper - Rennes,Steeple,"Rennes, France",https://stackoverflow.com/jobs/530505
Linux Engineer,ASML,"Veldhoven, Netherlands",https://stackoverflow.com/jobs/548587
Senior Java Software Developer,Genesys,No office location,https://stackoverflow.com/jobs/547957
Software Engineer (m/w/d) IoT,Schuler Pressen GmbH,"Göppingen, Deutschland",https://stackoverflow.com/jobs/562572
Software Engineer,The Orchard,"New York, NY",https://stackoverflow.com/jobs/543311
Full Stack Developer,Common Code,No office location,https://stackoverflow.com/jobs/545907
Fullstack Engineers – Sokos.fi and Prisma.fi,Suomen Osuuskauppojen Keskuskunta (SOK),"Helsinki, Finland",https://stackoverflow.com/jobs/565889
Forensic Software/Web Developer (Entry and Mid Levels) - OCONUS Deployable,"Cipher Tech Solutions, Inc","Tampa, FL",https://stackoverflow.com/jobs/562286
"Senior Software Engineer, Backend - Landscape",Canonical,No office location,https://stackoverflow.com/jobs/551337
System Architect,Tucows,No office location,https://stackoverflow.com/jobs/560728
"Backend Software Engineer, Video Infrastructure",ByteDance,Singapore,https://stackoverflow.com/jobs/547751
Software Developer / IT Specialist for the Research Infrastructure at our PETRA,Helmholtz Zentrum Geesthacht (HZG),"Hamburg, Deutschland",https://stackoverflow.com/jobs/561270
Lead Full-Stack Software Engineer (Tech Lead) (f/m/d),HeidelbergCement AG,"Heidelberg, Deutschland",https://stackoverflow.com/jobs/557326
System Engineer,O'Reilly Auto Parts,No office location,https://stackoverflow.com/jobs/556562
"Engineering Experience, Senior Software Engineer (Remote)",Hotjar,No office location,https://stackoverflow.com/jobs/528857
"Softwarearchitekt Digitale Signalverarbeitung, Software Defined Radio (m/w/d)",Rheinmetall,"Bremen, Deutschland",https://stackoverflow.com/jobs/560043
Full Stack Engineer,Odoo,"Buffalo, NY",https://stackoverflow.com/jobs/558069
Data Engineer for Insurtech Startup,iptiQ by Swiss Re,"Hoofddorp, Netherlands",https://stackoverflow.com/jobs/471200
Software Engineer,Odoo,"Ciudad de México, Mexico",https://stackoverflow.com/jobs/472421
System Engineer (f/m/d) Kubernetes,ADITION technologies AG,"Freiburg im Breisgau, Deutschland",https://stackoverflow.com/jobs/525462
Tech Lead Engineering at sustainable start-up (m/f/x) - Munich/New York/Remote,FINN,"München, Germany",https://stackoverflow.com/jobs/541678
System Architect,Tucows,No office location,https://stackoverflow.com/jobs/560728
Software Architect - Remote,SemanticBits,No office location,https://stackoverflow.com/jobs/522641
3D Asset Pipeline Engineer,Geomagical Labs,"Mountain View, CA",https://stackoverflow.com/jobs/565737
Software Developer / IT Specialist for the Research Infrastructure at our PETRA,Helmholtz Zentrum Geesthacht (HZG),"Hamburg, Deutschland",https://stackoverflow.com/jobs/561270
Lead Full-Stack Software Engineer (Tech Lead) (f/m/d),HeidelbergCement AG,"Heidelberg, Deutschland",https://stackoverflow.com/jobs/557326
System Engineer,O'Reilly Auto Parts,No office location,https://stackoverflow.com/jobs/556562
"Engineering Experience, Senior Software Engineer (Remote)",Hotjar,No office location,https://stackoverflow.com/jobs/528857
"Softwarearchitekt Digitale Signalverarbeitung, Software Defined Radio (m/w/d)",Rheinmetall,"Bremen, Deutschland",https://stackoverflow.com/jobs/560043
Full Stack Engineer,Odoo,"Buffalo, NY",https://stackoverflow.com/jobs/558069
Development Operations Engineer (DevSecOps),Cognitive Space,"Houston, TX",https://stackoverflow.com/jobs/561028
Senior Software Developer In Test,Jelli,"San Mateo, CA",https://stackoverflow.com/jobs/510882
Data Engineer for Insurtech Startup,iptiQ by Swiss Re,"Hoofddorp, Netherlands",https://stackoverflow.com/jobs/471200
Software Engineer - Developer Experience,Catawiki,No office location,https://stackoverflow.com/jobs/527395
Software Engineer,Odoo,"Ciudad de México, Mexico",https://stackoverflow.com/jobs/472421
Full-Stack Software Engineer,Strata Oncology,"Ann Arbor, MI",https://stackoverflow.com/jobs/371127
Full Stack Software Engineer,Samotics,"Leiden, Netherlands",https://stackoverflow.com/jobs/516831
Sr. Software Eng. (Fog) - MobileCoin (Unicorn Startup): Cryptocurrency Platform,MobileCoinviaSource Coders,No office location,https://stackoverflow.com/jobs/565813
C++ Software Engineer,"Old Mission Capital, LLC","Chicago, IL",https://stackoverflow.com/jobs/528806
(Senior) Android Software Developer - Munich,Paradox Cat GmbH,"München, Deutschland",https://stackoverflow.com/jobs/181583
Full Stack Engineer,Zattoo,"Berlin, Germany",https://stackoverflow.com/jobs/565749
Software Engineer,MITRE,"McLean, VA",https://stackoverflow.com/jobs/523956
Site Reliability Engineer,Unzer GmbH,"Munich, Germany",https://stackoverflow.com/jobs/565663
Java Software engineer,ProgressiveviaProgressive Staffing Netherlands,"Amsterdam, Netherlands",https://stackoverflow.com/jobs/530992
"Senior Manager of Software Engineering, Data Platform (Remote Eligible)",Flyr Inc,"Los Angeles, CA",https://stackoverflow.com/jobs/530715
Solutions Architect | Senior Consultant | DevOps | Remote,Copado Strategic Services,No office location,https://stackoverflow.com/jobs/517847
Experienced Software Engineer,Outschool,No office location,https://stackoverflow.com/jobs/550915
Full Stack Engineer,Zattoo,"Berlin, Germany",https://stackoverflow.com/jobs/565749
C++ Software Engineer,"Old Mission Capital, LLC","Chicago, IL",https://stackoverflow.com/jobs/528806
Site Reliability Engineer,Unzer GmbH,"Munich, Germany",https://stackoverflow.com/jobs/565663
"Senior Manager of Software Engineering, Data Platform (Remote Eligible)",Flyr Inc,"Los Angeles, CA",https://stackoverflow.com/jobs/530715
System Engineer (m/w/d) Kubernetes/OpenShift,German Edge Cloud GmbH & Co. KG,"Limburg an der Lahn, Deutschland",https://stackoverflow.com/jobs/539732
"Engineering Experience, Senior Software Engineer (Remote)",Hotjar,No office location,https://stackoverflow.com/jobs/528857
3D Asset Pipeline Engineer,Geomagical Labs,"Mountain View, CA",https://stackoverflow.com/jobs/565737
Software-Entwickler Web-Techologie (m/w/d),PLATO AG,"Dortmund, Deutschland",https://stackoverflow.com/jobs/564535
Senior Solutions Engineer - AWS,Capital Group,"Irvine, CA",https://stackoverflow.com/jobs/538629
Server Engineer - Remote (Penn Game Studios),Penn Interactive Ventures,No office location,https://stackoverflow.com/jobs/548906
Senior Systems Engineer,Quantcast,"London, UK",https://stackoverflow.com/jobs/513340
Senior DevOps Engineer (Remote),Slido,No office location,https://stackoverflow.com/jobs/519933
Development Operations Engineer (DevSecOps),Cognitive Space,"Houston, TX",https://stackoverflow.com/jobs/561028
Lead Software Engineer,Huxley Banking & Financial ServicesviaHuxley (US),"Boston, MA",https://stackoverflow.com/jobs/525730
"Softwarearchitekt Digitale Signalverarbeitung, Software Defined Radio (m/w/d)",Rheinmetall,"Bremen, Deutschland",https://stackoverflow.com/jobs/560043
Software Engineer – React,LifeOmic,"Indianapolis, IN",https://stackoverflow.com/jobs/519007
Senior Software Engineer,Linewize by Family Zone,"Abbotsford, Australia",https://stackoverflow.com/jobs/551649
Software Engineer,Odoo,"Ciudad de México, Mexico",https://stackoverflow.com/jobs/472421
Full-Stack Software Engineer,Strata Oncology,"Ann Arbor, MI",https://stackoverflow.com/jobs/371127
Software Engineer - Developer Experience,Catawiki,No office location,https://stackoverflow.com/jobs/527395
"Backend Tech Lead, Customer Service Platform",ByteDance,Singapore,https://stackoverflow.com/jobs/553813
Software Developer PowerDNS (Golang) - Full or Part Time / Remote or In-Office,Open-Xchange GmbH,No office location,https://stackoverflow.com/jobs/559640
Senior Software Developer In Test,Jelli,"San Mateo, CA",https://stackoverflow.com/jobs/510882
Software Engineer for observation devices (f/m),Safran Vectronix AG,"Heerbrugg, Switzerland",https://stackoverflow.com/jobs/507270
"Engineering Experience, Senior Software Engineer (Remote)",Hotjar,No office location,https://stackoverflow.com/jobs/528857
Senior Systems Engineer,Quantcast,"London, UK",https://stackoverflow.com/jobs/513340
Senior DevOps Engineer (Remote),Slido,No office location,https://stackoverflow.com/jobs/519933
Senior Solutions Engineer - AWS,Capital Group,"Irvine, CA",https://stackoverflow.com/jobs/538629
"Softwarearchitekt Digitale Signalverarbeitung, Software Defined Radio (m/w/d)",Rheinmetall,"Bremen, Deutschland",https://stackoverflow.com/jobs/560043
Senior Software Engineer,Linewize by Family Zone,"Abbotsford, Australia",https://stackoverflow.com/jobs/551649
Data Architect mit einem Flair für AI,ti&m AG,"Zürich, Schweiz",https://stackoverflow.com/jobs/522399
Software Engineer,Odoo,"Ciudad de México, Mexico",https://stackoverflow.com/jobs/472421
Full Stack Developer,Cognitive Space,"Houston, TX",https://stackoverflow.com/jobs/561029
Full-Stack Software Engineer,Strata Oncology,"Ann Arbor, MI",https://stackoverflow.com/jobs/371127
"Site Reliability Engineer, Recommendation Architecture",ByteDance,Singapore,https://stackoverflow.com/jobs/553104
Software Developer PowerDNS (Golang) - Full or Part Time / Remote or In-Office,Open-Xchange GmbH,No office location,https://stackoverflow.com/jobs/559640
"Senior Software Engineer, Language",McD Tech Labs,"Mountain View, CA",https://stackoverflow.com/jobs/523798
Data Engineer,Coda Payments,No office location,https://stackoverflow.com/jobs/557317
Software Defined Radio Developer,Captivation Software,"Aberdeen Proving Ground, MD",https://stackoverflow.com/jobs/316048
Junior Software Engineer,Akselos S.A.,"Ho Chi Minh City, Vietnam",https://stackoverflow.com/jobs/411389
Software Engineer - SRE,Shopee Singapore Private Limited,Singapore,https://stackoverflow.com/jobs/533809
Software Engineer - Networking Applications,Intel Corporation,"Bengaluru, India",https://stackoverflow.com/jobs/539242
DevOps- Engineer (m/w/d),Volume Graphics GmbH,"Heidelberg, Deutschland",https://stackoverflow.com/jobs/545615
Software Engineer (Migration),Odoo,"San Francisco, CA",https://stackoverflow.com/jobs/472407
"Software Engineer, Speech & Audio",ByteDance,Singapore,https://stackoverflow.com/jobs/553106
Senior Software Developer C++ for Next generation Access Control Solution,By - Access Control Systems,"Madrid, Spain",https://stackoverflow.com/jobs/492501
Senior Machine Learning Engineer - OPEN TO REMOTE,The RealReal,"San Francisco, CA",https://stackoverflow.com/jobs/557022
"Senior Software Engineer, Trust, Education",Chan Zuckerberg Initiative,"Redwood City, CA",https://stackoverflow.com/jobs/537679
Research Scientist with focus on Interventional Ultrasound (f/m/x),ImFusion GmbH,"München, Deutschland",https://stackoverflow.com/jobs/562664
DevOps- Engineer (m/w/d),Volume Graphics GmbH,"Heidelberg, Deutschland",https://stackoverflow.com/jobs/545615
Senior Machine Learning Engineer - OPEN TO REMOTE,The RealReal,"San Francisco, CA",https://stackoverflow.com/jobs/557022
"Engineering Manager, Full Stack - Cisco Meraki - Fully Remote or San Francisco",Cisco MerakiviaSource Coders,No office location,https://stackoverflow.com/jobs/565709
"Senior Software Engineer, Trust, Education",Chan Zuckerberg Initiative,"Redwood City, CA",https://stackoverflow.com/jobs/537679
Data Engineer,AudioValley,"Anderlecht, Belgium",https://stackoverflow.com/jobs/559308
"Senior Data Engineer, Education",Chan Zuckerberg Initiative,"Redwood City, CA",https://stackoverflow.com/jobs/565328
Senior Backend Engineer @ Number One Safety App In the World,Citizen,No office location,https://stackoverflow.com/jobs/499674
Senior Software Engineer | Cryptocurrency trading | C++/Rust,BlockTech,"Amsterdam, Netherlands",https://stackoverflow.com/jobs/501179
DevOps Engineer (Remote),Eterlast,"Barcelona, Spain",https://stackoverflow.com/jobs/563090
Backend Engineer - Tradeshift Engage,Tradeshift,"Aarhus, Denmark",https://stackoverflow.com/jobs/526909
Technical Support Engineer,Odoo,"San Francisco, CA",https://stackoverflow.com/jobs/558070
Software engineer (f/m/d) (Dipl./M.Sc./Ph.D.) in research data management,Helmholtz-Zentrum Berlin für Materialien und Energie GmbH,"Berlin, Deutschland",https://stackoverflow.com/jobs/560071
Senior Flink/Druid Software Engineer,Genesys,No office location,https://stackoverflow.com/jobs/547941
Jr. Software Engineer,FieldRoutes,No office location,https://stackoverflow.com/jobs/560734
Senior Backend Engineer,Omnivore Technologies,No office location,https://stackoverflow.com/jobs/558774
Senior Software Engineer (Backend),VIZIO,"Denver, CO",https://stackoverflow.com/jobs/538648
Software-Entwickler (m/w/d),innoventis GmbH,"Würzburg, Deutschland",https://stackoverflow.com/jobs/561812
Senior .Net Engineer,Pinnacle Solutions Group,"Charlotte, NC",https://stackoverflow.com/jobs/546564
Senior Software Engineer - Data Lake,Mimecast,"London, UK",https://stackoverflow.com/jobs/558739
Full Stack Engineer,Odoo,"San Francisco, CA",https://stackoverflow.com/jobs/524056
Développeur Elm/Typescript React/Angular (F/H),Thegreendata,"Paris, France",https://stackoverflow.com/jobs/528472
Senior Software Engineer - Cloud Engineering,Canonical,No office location,https://stackoverflow.com/jobs/535495
Sr. Software Engineer - PHP - Contractor,DIGARC,No office location,https://stackoverflow.com/jobs/521882
*REMOTE* Lead (Senior) Kotlin & Java Engineer (m/f/x) High-Load Search-Engine,"AVANTGARDE - ""Creating Fans""",No office location,https://stackoverflow.com/jobs/529656
Full Stack Software Engineer,Samotics,"Leiden, Netherlands",https://stackoverflow.com/jobs/516831
Software Engineer for observation devices (f/m),Safran Vectronix AG,"Heerbrugg, Switzerland",https://stackoverflow.com/jobs/507270
Senior QA Automation Engineer,Alfi Inc.,"Denver, CO",https://stackoverflow.com/jobs/520178
Software Engineer - Infrastructure,Chorus One,No office location,https://stackoverflow.com/jobs/552285
Sr. Software Eng. (Fog) - MobileCoin (Unicorn Startup): Cryptocurrency Platform,MobileCoinviaSource Coders,No office location,https://stackoverflow.com/jobs/565813
Full Stack Engineer,Odoo,"San Francisco, CA",https://stackoverflow.com/jobs/524056
Senior Front End Engineer,Citizen,No office location,https://stackoverflow.com/jobs/561575
VP of Engineering,TradeBlock,"New York, NY",https://stackoverflow.com/jobs/559195
Staff Software Engineer C++ focus Intelligent Data Aggregation (m/f/d),CARIAD,"Wolfsburg, Germany",https://stackoverflow.com/jobs/547934
"Senior Software Engineer, Embedded Systems (m/f/d)",tado GmbH,"München, Deutschland",https://stackoverflow.com/jobs/560708
Full Stack Developer,Rakettitiede,"Helsinki, Finland",https://stackoverflow.com/jobs/522743
Software Engineer,Marbis GmbHviaComputer Futures Solutions GmbH,"Karlsruhe, Deutschland",https://stackoverflow.com/jobs/525397
"Senior Software Engineer, Javascript",Versus Systems,No office location,https://stackoverflow.com/jobs/556182
Full Stack Developer (m/w/d),CAS AG,"Hamburg, Deutschland",https://stackoverflow.com/jobs/524589
Software Defined Radio Developer,Captivation Software,"Aberdeen Proving Ground, MD",https://stackoverflow.com/jobs/316048
Cloud Software Performance Engineer,Intel Corporation,"Hillsboro, OR",https://stackoverflow.com/jobs/528554
Senior Software Engineer (Java) – Analytics & Data Infrastructure Team,Mimecast,"London, UK",https://stackoverflow.com/jobs/558740
Full Stack Engineer (React & Django),Sector Labs,"Cluj-Napoca, Romania",https://stackoverflow.com/jobs/518486
(Senior) Frontend Engineer (m/w/d) - Trufa,Deloitte Deutschland,"Düsseldorf, Deutschland",https://stackoverflow.com/jobs/533749
Site Reliability Engineer (Applied Machine Learning),ByteDance,Singapore,https://stackoverflow.com/jobs/553811
Build/Release Engineer,Tausight,No office location,https://stackoverflow.com/jobs/556779
Senior Data Scientist - Remote,Unite,No office location,https://stackoverflow.com/jobs/565894
Data Engineer,McD Tech Labs,"Mountain View, CA",https://stackoverflow.com/jobs/523793
Senior Software Engineer / Ruby or Elixir/ Remote,The RealReal,No office location,https://stackoverflow.com/jobs/522850
Software Engineer - Networking Applications,Intel Corporation,"Bengaluru, India",https://stackoverflow.com/jobs/539242
Sr. Site Reliability Engineer (Infrastructure) - Cisco Meraki,Source Coders IncviaSource Coders,"San Francisco, CA",https://stackoverflow.com/jobs/565906
Senior Software Engineer - Cloud Engineering,Canonical,No office location,https://stackoverflow.com/jobs/535495
Senior Backend Engineer,Pollen,"London, UK",https://stackoverflow.com/jobs/522622
Software Engineer - Silicon Product Design,Intel Corporation,"Hillsboro, OR",https://stackoverflow.com/jobs/530198
C++ Software development engineer,ASML,"Shenzhen, China",https://stackoverflow.com/jobs/465912
Software Developer PowerDNS (Golang) - Full or Part Time / Remote or In-Office,Open-Xchange GmbH,No office location,https://stackoverflow.com/jobs/559640
Senior Software Engineer,Administrate,"Edinburgh, UK",https://stackoverflow.com/jobs/522939
Software Craftsmanship Engineer ( F/H),INGENIANCE,"Courbevoie, France",https://stackoverflow.com/jobs/501118
Senior Software Development Engineer in Test (SDET),Creative Assembly,"Horsham, UK",https://stackoverflow.com/jobs/513451
"Software Engineering, Analyst",MUFG,"Charlotte, NC",https://stackoverflow.com/jobs/559440
SRE / DevOps Engineer - MobileCoin (Unicorn Startup): Cryptocurrency Platform,MobileCoinviaSource Coders,No office location,https://stackoverflow.com/jobs/565874
Software Engineering Manager,iptiQ by Swiss Re,"Hoofddorp, Netherlands",https://stackoverflow.com/jobs/472051
Software Engineer - SRE,Shopee Singapore Private Limited,Singapore,https://stackoverflow.com/jobs/533809
"Senior Software Developer/Team Leader in Berlin, Hamburg, Göttingen or Abingdon",Evotec SE,"Berlin, Germany",https://stackoverflow.com/jobs/550234
Build Engineer,Flow Traders,"Amsterdam, Netherlands",https://stackoverflow.com/jobs/117221
Praktikant (m/w/d) Data Analytics,ING Deutschland,"Frankfurt am Main, Deutschland",https://stackoverflow.com/jobs/556419
Senior Backend Engineer,McD Tech Labs,"Mountain View, CA",https://stackoverflow.com/jobs/523791
"DevOps Engineer, Cloud Data Warehouse",ByteDance,Singapore,https://stackoverflow.com/jobs/550284
Site Reliability Engineer (m/w/d),Sthree GmbH VIA Computer Futures Solutions GmbHviaComputer Futures Solutions GmbH,"Berlin, Deutschland",https://stackoverflow.com/jobs/525263
Field Software Engineer - EMEA,Canonical,No office location,https://stackoverflow.com/jobs/501791
Mobile APP Developers - Leading Electronics Company,Pyronix,"Doncaster, UK",https://stackoverflow.com/jobs/524940
"Senior Software Engineer, Trust, Education",Chan Zuckerberg Initiative,"Redwood City, CA",https://stackoverflow.com/jobs/537679
Test Process and Module Engineer (Platform),Intel Corporation,"George Town, Malaysia",https://stackoverflow.com/jobs/552555
Software Engineer,Codethink,"Manchester, UK",https://stackoverflow.com/jobs/556322
Senior Software Engineer | Cryptocurrency trading | C++/Rust,BlockTech,"Amsterdam, Netherlands",https://stackoverflow.com/jobs/501179
Senior Data Scientist - Remote,Unite,No office location,https://stackoverflow.com/jobs/565894
Full Stack Developer,BOTS by RevenYOU,"Haarlem, Netherlands",https://stackoverflow.com/jobs/533368
Software Engineer,Marbis GmbHviaComputer Futures Solutions GmbH,"Karlsruhe, Deutschland",https://stackoverflow.com/jobs/525397
"Systems Engineering, Analyst",MUFG,"Charlotte, NC",https://stackoverflow.com/jobs/559441
Full Stack Developer (m/w/d),CAS AG,"Hamburg, Deutschland",https://stackoverflow.com/jobs/524589
Software Defined Radio Developer,Captivation Software,"Aberdeen Proving Ground, MD",https://stackoverflow.com/jobs/316048
Senior Software Engineer (Java) – Analytics & Data Infrastructure Team,Mimecast,"London, UK",https://stackoverflow.com/jobs/558740
Full Stack Engineer (React & Django),Sector Labs,"Cluj-Napoca, Romania",https://stackoverflow.com/jobs/518486
Embedded Software Development Engineer,Baker Hughes,"Groby, UK",https://stackoverflow.com/jobs/560598
(Senior) Frontend Engineer (m/w/d) - Trufa,Deloitte Deutschland,"Düsseldorf, Deutschland",https://stackoverflow.com/jobs/533749
VP of Engineering,TradeBlock,"New York, NY",https://stackoverflow.com/jobs/559195
"Data Scientist, Performance Media","Horizon Media Holdings, Inc",No office location,https://stackoverflow.com/jobs/561829
Data Engineer,Huxley Banking & Financial ServicesviaHuxley (US),"Chicago, IL",https://stackoverflow.com/jobs/525601
Build/Release Engineer,Tausight,No office location,https://stackoverflow.com/jobs/556779
Data Engineer,McD Tech Labs,"Mountain View, CA",https://stackoverflow.com/jobs/523793
Software Engineer - Networking Applications,Intel Corporation,"Bengaluru, India",https://stackoverflow.com/jobs/539242
Automotive Security Engineer (m/w/d),Method Park,"Erlangen, Deutschland",https://stackoverflow.com/jobs/558406
Site Reliability Engineer (Applied Machine Learning),ByteDance,Singapore,https://stackoverflow.com/jobs/553811
"Algorithm Engineer, Enterprise Partnership & Solutions",ByteDance,Singapore,https://stackoverflow.com/jobs/523517
Senior Kafka Messaging Software Engineer,Genesys,No office location,https://stackoverflow.com/jobs/547923
Senior/Mid Data Engineer - California or Full Remote,FieldLevel,"Solana Beach, CA",https://stackoverflow.com/jobs/533161
DevOps Engineer,Flyr Inc,No office location,https://stackoverflow.com/jobs/522896
Software Engineer II,"Comscore, Inc.","Portland, OR",https://stackoverflow.com/jobs/556548
Senior Backend Engineer,Singapore Innovate Pte. Ltd,Singapore,https://stackoverflow.com/jobs/561308
Senior Ruby on Rails developer,Marketer Technologies AS,"Oslo, Norway",https://stackoverflow.com/jobs/518196
Entwickler/in: intelligente Systeme zur digitalen Unternehmens-Organisation,Deutsches Zentrum für Luft- und Raumfahrt e.V.,"Sankt Augustin, Deutschland",https://stackoverflow.com/jobs/561572
Senior Software Engineer,Intel Corporation,"Bengaluru, India",https://stackoverflow.com/jobs/539300
Data Engineer 80-100% (f/m/d),Alpiq,"Olten, Switzerland",https://stackoverflow.com/jobs/545476
Systemarchitekt (m/w/d) für digitale Dienste und vernetzte Fahrzeuge,Honda R&D Europe (Deutschland) GmbH,"Offenbach am Main, Deutschland",https://stackoverflow.com/jobs/562414
Software Developer,SUSE,No office location,https://stackoverflow.com/jobs/558030
Test Engineer Connected Car (m/w/d),Pixida GmbH,"München, Deutschland",https://stackoverflow.com/jobs/564480
Data Center Engineer (Greater Boston Area),Canonical,"Boston, MA",https://stackoverflow.com/jobs/556753
Data Architect mit einem Flair für AI,ti&m AG,"Zürich, Schweiz",https://stackoverflow.com/jobs/522399
Software Test Automation Specialist (m/w/x),ZEISS Group,"München, Deutschland",https://stackoverflow.com/jobs/541069
Machine Learning Software Engineer,L3Harris,"Tewkesbury, UK",https://stackoverflow.com/jobs/553462
Sr Cloud Engineer,RapDev.io,"Boston, MA",https://stackoverflow.com/jobs/565781
JR0178225 OpenIPC Senior Software Engineer,Intel Corporation,"Hillsboro, OR",https://stackoverflow.com/jobs/542196
Data Scientist - GameIntel - Remote (Europe),GameAnalytics,No office location,https://stackoverflow.com/jobs/565753
Senior Software Engineer - Material Analysis Team (C++) (m/w/d),Volume Graphics GmbH,"Heidelberg, Deutschland",https://stackoverflow.com/jobs/163095
"Site Reliability Engineer, Recommendation Architecture",ByteDance,Singapore,https://stackoverflow.com/jobs/553104
Application Support Engineer,Derivco.,"Málaga, Spain",https://stackoverflow.com/jobs/565319
Senior Software Engineer - Data Lake,Mimecast,"London, UK",https://stackoverflow.com/jobs/558739
Site Reliability Engineer,TradeBlock,"New York, NY",https://stackoverflow.com/jobs/559194
Senior Build & CI Engineer (f/m/x),BMW Group,"München, Deutschland",https://stackoverflow.com/jobs/557339
Lead Java/Big Data Software Developer,Genesys,No office location,https://stackoverflow.com/jobs/552044
Data Engineer,Coda Payments,No office location,https://stackoverflow.com/jobs/557317
*REMOTE* Lead (Senior) Kotlin & Java Engineer (m/f/x) High-Load Search-Engine,"AVANTGARDE - ""Creating Fans""",No office location,https://stackoverflow.com/jobs/529656
Data Engineer,Everli,No office location,https://stackoverflow.com/jobs/508326
Software Engineer @ Enveil,Enveil,"Fulton, MD",https://stackoverflow.com/jobs/166432
Senior Performance Engineer,Jelli,"Boise, ID",https://stackoverflow.com/jobs/525855
Machine Learning Software Engineer,L3Harris,"Tewkesbury, UK",https://stackoverflow.com/jobs/553462
Senior Software Engineer,Administrate,No office location,https://stackoverflow.com/jobs/522941
Data Engineer 80-100% (f/m/d),Alpiq,"Olten, Switzerland",https://stackoverflow.com/jobs/545476
Cloud Software Developer,Intel Corporation,"Guadalajara, Mexico",https://stackoverflow.com/jobs/557644
Senior DevOps Engineer,Tradeshift,"Bucharest, Romania",https://stackoverflow.com/jobs/526929
Systemarchitekt (m/w/d) für digitale Dienste und vernetzte Fahrzeuge,Honda R&D Europe (Deutschland) GmbH,"Offenbach am Main, Deutschland",https://stackoverflow.com/jobs/562414
Software Developer,SUSE,No office location,https://stackoverflow.com/jobs/558030
Test Engineer Connected Car (m/w/d),Pixida GmbH,"München, Deutschland",https://stackoverflow.com/jobs/564480
Data Center Engineer (Greater Boston Area),Canonical,"Boston, MA",https://stackoverflow.com/jobs/556753
Software Test Automation Specialist (m/w/x),ZEISS Group,"München, Deutschland",https://stackoverflow.com/jobs/541069
Staff Software Engineer,Bloomreach,No office location,https://stackoverflow.com/jobs/544544
JR0178225 OpenIPC Senior Software Engineer,Intel Corporation,"Hillsboro, OR",https://stackoverflow.com/jobs/542196
Data Scientist - GameIntel - Remote (Europe),GameAnalytics,No office location,https://stackoverflow.com/jobs/565753
Senior Software Engineer - Material Analysis Team (C++) (m/w/d),Volume Graphics GmbH,"Heidelberg, Deutschland",https://stackoverflow.com/jobs/163095
Senior Software Engineer - Data Lake,Mimecast,"London, UK",https://stackoverflow.com/jobs/558739
Senior DevOps Engineer,Revieve Oy,"Helsinki, Finland",https://stackoverflow.com/jobs/554528
Site Reliability Engineer,TradeBlock,"New York, NY",https://stackoverflow.com/jobs/559194
Senior Build & CI Engineer (f/m/x),BMW Group,"München, Deutschland",https://stackoverflow.com/jobs/557339
Senior Software Engineer - Omni-Channel Communications,Assurance,No office location,https://stackoverflow.com/jobs/565727
Entwickler/in: intelligente Systeme zur digitalen Unternehmens-Organisation,Deutsches Zentrum für Luft- und Raumfahrt e.V.,"Sankt Augustin, Deutschland",https://stackoverflow.com/jobs/561572
Software Systems Engineer (80%-100%),Open Systems AG,"Zürich, Switzerland",https://stackoverflow.com/jobs/550751
*REMOTE* Lead (Senior) Kotlin & Java Engineer (m/f/x) High-Load Search-Engine,"AVANTGARDE - ""Creating Fans""",No office location,https://stackoverflow.com/jobs/529656
Data Engineer,Everli,No office location,https://stackoverflow.com/jobs/508326
Senior DevOps Engineer,Zenjob,"Berlin, Germany",https://stackoverflow.com/jobs/552356
Senior Performance Engineer,Jelli,"Boise, ID",https://stackoverflow.com/jobs/525855
"Senior Java Engineer - Consult with great companies, technologies and solutions",Pinnacle Solutions Group,"Nashville, TN",https://stackoverflow.com/jobs/196742
Ethernet Technologies RDMA Software Applications Engineer,Intel Corporation,"Austin, TX",https://stackoverflow.com/jobs/530201
DevOps Engineer @ Nozomi Networks,Nozomi Networks,"Mendrisio, Switzerland",https://stackoverflow.com/jobs/555314
PhD IT: Anwendungsorientierte Quantencomputer-Algorithmen-/Softwareentwicklung,Deutsches Zentrum für Luft- und Raumfahrt e.V.,"Köln, Deutschland",https://stackoverflow.com/jobs/561571
Software Engineering Manager,Intel Corporation,"Bengaluru, India",https://stackoverflow.com/jobs/539256
Applications Developer,ASRC Federal,"Moorestown, NJ",https://stackoverflow.com/jobs/500819
Senior Backend Engineer – Royalties and Reporting (Remote Eligible - EMEA),Spotify,No office location,https://stackoverflow.com/jobs/550869
"Software Engineer, IoT Manufacturing (m/f/d)",tado GmbH,"München, Deutschland",https://stackoverflow.com/jobs/560707
Senior ML Engineer,Amaris.AI,Singapore,https://stackoverflow.com/jobs/533811
Roku Developer (MAZ Systems),Zype,No office location,https://stackoverflow.com/jobs/552550
Infrastructure Engineer / Cloud Engineer (m/f/d),Omnevo GmbH,"Wiesbaden, Deutschland",https://stackoverflow.com/jobs/559761
Data Engineer,Rakuten,"Setagaya City, Japan",https://stackoverflow.com/jobs/531038
C++ Expert,Codethink,"Manchester, UK",https://stackoverflow.com/jobs/556326
Software Development Engineer in Test,"ESO Solutions, Inc.","Belfast, UK",https://stackoverflow.com/jobs/528503
Graphics Software Engineer,Intel Corporation,"Shanghai, China",https://stackoverflow.com/jobs/543846
Senior Analytics Engineer,VIOOH,"London, UK",https://stackoverflow.com/jobs/562405
Software Engineer (HVM),Intel Corporation,"Kulim, Malaysia",https://stackoverflow.com/jobs/538188
Entwickler/in: lernbasierte Simulationsverfahren für robotische E-Fahrzeuge,Deutsches Zentrum für Luft- und Raumfahrt e.V.,"Weßling, Deutschland",https://stackoverflow.com/jobs/561567
Senior DevOps Engineer,Tradeshift,"Bucharest, Romania",https://stackoverflow.com/jobs/526929
Devops Engineer - Infrastructure Engineering,ByteDance,Singapore,https://stackoverflow.com/jobs/553812
Data Analytics Engineer,Huxley Banking & Financial ServicesviaHuxley (US),"Boston, MA",https://stackoverflow.com/jobs/524158
Android-Entwickler (m/w/d) Infotainment,e.solutions GmbH,"Erlangen, Deutschland",https://stackoverflow.com/jobs/561275
Analytics Engineer,Slido,"Bratislava, Slovakia",https://stackoverflow.com/jobs/555451
"Software Engineer (Product Infrastructure), TikTok e-Commerce",ByteDance,Singapore,https://stackoverflow.com/jobs/533135
Qt C++ SDK Software Development Engineer,Esri,"Redlands, CA",https://stackoverflow.com/jobs/561049
DevOps Engineer,Picnic,"Amsterdam, Netherlands",https://stackoverflow.com/jobs/166839
JR0178225 OpenIPC Senior Software Engineer,Intel Corporation,"Hillsboro, OR",https://stackoverflow.com/jobs/542196
Site Reliability Engineer,The Warehouse Limited,"Auckland, New Zealand",https://stackoverflow.com/jobs/538161
Senior Software Engineer,Administrate,No office location,https://stackoverflow.com/jobs/522941
Ethernet Technologies Software Applications Engineer - DPDK,Intel Corporation,"Hillsboro, OR",https://stackoverflow.com/jobs/530199
Cloud Platform Engineer (d/m/w) Data & Analytics,DEVK Versicherungen,"Köln, Deutschland",https://stackoverflow.com/jobs/526685
Staff Software Engineer,Bloomreach,No office location,https://stackoverflow.com/jobs/544544
Roku Developer (MAZ Systems),Zype,No office location,https://stackoverflow.com/jobs/552550
Senior Software Engineer - Material Analysis Team (C++) (m/w/d),Volume Graphics GmbH,"Heidelberg, Deutschland",https://stackoverflow.com/jobs/163095
Sr. Test Engineer,Rain Bird Corporation,"Tucson, AZ",https://stackoverflow.com/jobs/555341
Back end developer per operations center,Giocaonline s.r.l.,"Milan, Italy",https://stackoverflow.com/jobs/529295
Graphics Software Engineer,Intel Corporation,"Shanghai, China",https://stackoverflow.com/jobs/543846
DevOps Engineer,SignalWire,No office location,https://stackoverflow.com/jobs/561307
"Senior Cloud Engineer (m/w/d) - Deutsch C1 erforderlich, 80-90% remote möglich",Ganz & Stock,"Offenburg, Deutschland",https://stackoverflow.com/jobs/565776
Build Engineer,Flow Traders,"Amsterdam, Netherlands",https://stackoverflow.com/jobs/117221
"Go Software Engineer, Commercial Systems",Canonical,No office location,https://stackoverflow.com/jobs/561428
Software Development Engineer in Test,"ESO Solutions, Inc.","Belfast, UK",https://stackoverflow.com/jobs/528503
Data Engineer,Everli,No office location,https://stackoverflow.com/jobs/508326
Senior DevOps Platform Engineer,Blinks Labs GmbH,"Berlin, Germany",https://stackoverflow.com/jobs/565687
Linux Developer Experience Lead,Canonical,No office location,https://stackoverflow.com/jobs/565542
Linux Networking specialist (m/f/x) - remote or on-site,Hetzner Cloud GmbH,"Unterföhring, Deutschland",https://stackoverflow.com/jobs/224179
Senior DevOps Engineer,Zenjob,"Berlin, Germany",https://stackoverflow.com/jobs/552356
QA Devops Engineer - Open Source Database Solutions (remote),Percona Staffing LLC,No office location,https://stackoverflow.com/jobs/562423
Ruby on Rails Developer,Imaginary Cloud,No office location,https://stackoverflow.com/jobs/565740
Entwickler/in: lernbasierte Simulationsverfahren für robotische E-Fahrzeuge,Deutsches Zentrum für Luft- und Raumfahrt e.V.,"Weßling, Deutschland",https://stackoverflow.com/jobs/561567
Entwickler/in: lernbasierte Simulationsverfahren für robotische E-Fahrzeuge,Deutsches Zentrum für Luft- und Raumfahrt e.V.,"Weßling, Deutschland",https://stackoverflow.com/jobs/561567
Senior DevOps Engineer,Zenjob,"Berlin, Germany",https://stackoverflow.com/jobs/552356
Linux Developer Experience Lead,Canonical,No office location,https://stackoverflow.com/jobs/565542
QA Devops Engineer - Open Source Database Solutions (remote),Percona Staffing LLC,No office location,https://stackoverflow.com/jobs/562423
Linux Networking specialist (m/f/x) - remote or on-site,Hetzner Cloud GmbH,"Unterföhring, Deutschland",https://stackoverflow.com/jobs/224179
Senior Software Engineer - Omni-Channel Communications,Assurance,No office location,https://stackoverflow.com/jobs/565727
"Container Platform Engineer, Vice President",MUFG,No office location,https://stackoverflow.com/jobs/559420
"Senior Software Engineer, Infrastructure, Education",Chan Zuckerberg Initiative,"Redwood City, CA",https://stackoverflow.com/jobs/537683
Cloud Data Engineer (m/w/d),Generali AG,"Aachen, Deutschland",https://stackoverflow.com/jobs/559926
Test Engineer,ASRC Federal,"Moorestown, NJ",https://stackoverflow.com/jobs/500822
Senior iOS Developer,Fretello GmbH,No office location,https://stackoverflow.com/jobs/554366
"Software Engineer, AVP",MUFG,"Charlotte, NC",https://stackoverflow.com/jobs/559429
Android-Entwickler (m/w/d) Infotainment,e.solutions GmbH,"Erlangen, Deutschland",https://stackoverflow.com/jobs/561275
PhD IT: Anwendungsorientierte Quantencomputer-Algorithmen-/Softwareentwicklung,Deutsches Zentrum für Luft- und Raumfahrt e.V.,"Köln, Deutschland",https://stackoverflow.com/jobs/561571
Data Analytics Engineer,Huxley Banking & Financial ServicesviaHuxley (US),"Boston, MA",https://stackoverflow.com/jobs/524158
Analytics Engineer,Slido,"Bratislava, Slovakia",https://stackoverflow.com/jobs/555451
Lead Infrastructure Engineer,Huxley Banking & Financial ServicesviaHuxley (US),"New York, NY",https://stackoverflow.com/jobs/525771
Data Engineer (m/w/d) | The Garage,Deloitte Deutschland,"Düsseldorf, Deutschland",https://stackoverflow.com/jobs/545256
DevOps Engineer @ Nozomi Networks,Nozomi Networks,"Mendrisio, Switzerland",https://stackoverflow.com/jobs/555314
Senior Software Engineer - Marketplace,Assurance,No office location,https://stackoverflow.com/jobs/565726
Open Source Software Lead (Cloud Native),Intel Corporation,"Dublin, Ireland",https://stackoverflow.com/jobs/553034
Senior Software Engineer for growing VC-backed UK startup (based in UK/Europe),Snowplow Analytics,No office location,https://stackoverflow.com/jobs/536083
Senior ML Engineer,Amaris.AI,Singapore,https://stackoverflow.com/jobs/533811
(Senior) Data Engineer - Ad Tech (f/m/d),Delivery Hero SE,"Berlin, Germany",https://stackoverflow.com/jobs/560822
Senior Fullstack Engineer,AMBOSS,"Berlin, Germany",https://stackoverflow.com/jobs/557771
PhD IT: Anwendungsorientierte Quantencomputer-Algorithmen-/Softwareentwicklung,Deutsches Zentrum für Luft- und Raumfahrt e.V.,"Köln, Deutschland",https://stackoverflow.com/jobs/561571
"Container Platform Engineer, Vice President",MUFG,No office location,https://stackoverflow.com/jobs/559420
"Senior Software Engineer, Infrastructure, Education",Chan Zuckerberg Initiative,"Redwood City, CA",https://stackoverflow.com/jobs/537683
Data Engineer,Possible Finance,No office location,https://stackoverflow.com/jobs/505649
Cloud Data Engineer (m/w/d),Generali AG,"Aachen, Deutschland",https://stackoverflow.com/jobs/559926
"Machine Learning Engineer AI, Advanced Analytics & Data",H & M Hennes & Mauritz GBC AB,"Stockholm, Sweden",https://stackoverflow.com/jobs/527524
Test Engineer,ASRC Federal,"Moorestown, NJ",https://stackoverflow.com/jobs/500822
Senior Microsoft Azure Cloud Engineer,MITRE,"McLean, VA",https://stackoverflow.com/jobs/514492
Senior iOS Developer,Fretello GmbH,No office location,https://stackoverflow.com/jobs/554366
Quality Manager Infotainment Systems (f/m/x),BMW Group,"Ulm, Deutschland",https://stackoverflow.com/jobs/556421
Lead Infrastructure Engineer,Huxley Banking & Financial ServicesviaHuxley (US),"New York, NY",https://stackoverflow.com/jobs/525771
Senior Site Reliability Engineer - Core Team,Assurance,No office location,https://stackoverflow.com/jobs/565724
Senior Cloud Software Engineer,Intel Corporation,"Shanghai, China",https://stackoverflow.com/jobs/540182
Graduate Program – Information Technology (IT),Flossbach von Storch AG,"Köln, Deutschland",https://stackoverflow.com/jobs/560840
DevOps Engineer @ Nozomi Networks,Nozomi Networks,"Mendrisio, Switzerland",https://stackoverflow.com/jobs/555314
Senior Software Engineer - Marketplace,Assurance,No office location,https://stackoverflow.com/jobs/565726
Senior Software Engineer for growing VC-backed UK startup (based in UK/Europe),Snowplow Analytics,No office location,https://stackoverflow.com/jobs/536083
Senior ML Engineer,Amaris.AI,Singapore,https://stackoverflow.com/jobs/533811
"Software Engineer, Post Trade Team",DriveWealth Technologies LLC,No office location,https://stackoverflow.com/jobs/548618
Senior iOS engineer - ux + video,SmileDirectClub,No office location,https://stackoverflow.com/jobs/546573
"Senior Data Engineer - Consult with great companies, technologies and solutions",Pinnacle Solutions Group,"Nashville, TN",https://stackoverflow.com/jobs/515696
Deep Learning System Frameworks Engineer,Intel Corporation,"Shanghai, China",https://stackoverflow.com/jobs/543845
(Senior) Data Engineer - Ad Tech (f/m/d),Delivery Hero SE,"Berlin, Germany",https://stackoverflow.com/jobs/560822
Machine Learning Engineer,"Betterup, Inc.",No office location,https://stackoverflow.com/jobs/523562
Senior Fullstack Engineer,AMBOSS,"Berlin, Germany",https://stackoverflow.com/jobs/557771
Senior Android Engineer,Livefront,"Minneapolis, MN",https://stackoverflow.com/jobs/521510
Cloud Infrastructure Engineer,Relay42,"Amsterdam, Netherlands",https://stackoverflow.com/jobs/407421
Site Reliability Engineer- ArcGIS Online,Esri,"Redlands, CA",https://stackoverflow.com/jobs/552702
Leitende Softwareentwicklerin oder leitender Softwareentwickler (w/m/d),Deutsches Zentrum für Luft- und Raumfahrt e. V. (DLR),"Weßling, Deutschland",https://stackoverflow.com/jobs/560835
"Site Reliability Engineer, Kubernetes",camunda,No office location,https://stackoverflow.com/jobs/550386
Product Manager (m/f/d),eBay,"Kleinmachnow, Germany",https://stackoverflow.com/jobs/561810
Software Engineer - SDVI DevOps,SDVI,No office location,https://stackoverflow.com/jobs/451626
"Data Architect, Data Platform",Flyr Inc,"Los Angeles, CA",https://stackoverflow.com/jobs/529117
Full Stack Lead/Architect (Sr. Deep Learning R and D Engineer),Intel Corporation,"Bengaluru, India",https://stackoverflow.com/jobs/539294
Experienced Data Engineer,Accenture Romania,"Bucharest, Romania",https://stackoverflow.com/jobs/525561
Full Stack Developer,BOTS by RevenYOU,"Haarlem, Netherlands",https://stackoverflow.com/jobs/533368
Senior DevOps Engineer,DriveWealth Technologies LLC,No office location,https://stackoverflow.com/jobs/548619
Public Cloud Consultant,Canonical,No office location,https://stackoverflow.com/jobs/551198
DevOps / System Engineer - (f/m/d),Delivery Hero SE,"Berlin, Germany",https://stackoverflow.com/jobs/560698
Lead DevOps / SRE Engineer (f/m/d),HeidelbergCement AG,"Heidelberg, Deutschland",https://stackoverflow.com/jobs/555118
Big Data / ETL Data Engineer (m/w/d),Generali AG,"Aachen, Deutschland",https://stackoverflow.com/jobs/559930
"Software Engineer (Product Infrastructure), TikTok e-Commerce",ByteDance,Singapore,https://stackoverflow.com/jobs/533135
Qt C++ SDK Software Development Engineer,Esri,"Redlands, CA",https://stackoverflow.com/jobs/561049
Engineering Manager,Gorgias,No office location,https://stackoverflow.com/jobs/560110
DevOps Engineer (m/w/d),solute GmbH,"Karlsruhe, Deutschland",https://stackoverflow.com/jobs/556140
Devops Engineer - Infrastructure Engineering,ByteDance,Singapore,https://stackoverflow.com/jobs/553812
(Junior) Robotic Process Automation Developer (m/w/d) zur Entwicklung und Einsat,Hannover Rück SE,"Hannover, Deutschland",https://stackoverflow.com/jobs/562404
"Senior Developer (React, Node.js) (m/f/d)",Ziegert EverEstate GmbH,"Berlin, Deutschland",https://stackoverflow.com/jobs/394267
"Site Reliability Engineer, Video Infrastructure",ByteDance,Singapore,https://stackoverflow.com/jobs/547753
Deployment Engineer / Solutions Architect,Enveil,"Fulton, MD",https://stackoverflow.com/jobs/319752
Security Engineer - APPSEC (f/m/x),PPRO,"München, Germany",https://stackoverflow.com/jobs/554399
Senior DevOps Platform Engineer,Blinks Labs GmbH,"Berlin, Germany",https://stackoverflow.com/jobs/565687
Field Software Engineer - APAC,Canonical,No office location,https://stackoverflow.com/jobs/512382
Automation Developer - Operations,MHR,"Ruddington, UK",https://stackoverflow.com/jobs/544506
Linux Developer Experience Lead,Canonical,No office location,https://stackoverflow.com/jobs/565542
Linux Networking specialist (m/f/x) - remote or on-site,Hetzner Cloud GmbH,"Unterföhring, Deutschland",https://stackoverflow.com/jobs/224179
C Embedded Engineer,SQUAD,"Kyiv, Ukraine",https://stackoverflow.com/jobs/516403
QA Automation Engineer,Remote Crew LDA,No office location,https://stackoverflow.com/jobs/565780
Ethernet Manageability Applications Engineer,Intel Corporation,"Austin, TX",https://stackoverflow.com/jobs/530200
"Container Platform Engineer, Vice President",MUFG,No office location,https://stackoverflow.com/jobs/559420
Cloud Data Engineer (m/w/d),Generali AG,"Aachen, Deutschland",https://stackoverflow.com/jobs/559926
Data Engineer,Possible Finance,No office location,https://stackoverflow.com/jobs/505649
Systemadministrator (w/m/d) für Linux-Server und -Arbeitsplatzrechner,energy & meteo systems GmbH,"Oldenburg, Deutschland",https://stackoverflow.com/jobs/565377
"Machine Learning Engineer AI, Advanced Analytics & Data",H & M Hennes & Mauritz GBC AB,"Stockholm, Sweden",https://stackoverflow.com/jobs/527524
Test Engineer,ASRC Federal,"Moorestown, NJ",https://stackoverflow.com/jobs/500822
Senior Microsoft Azure Cloud Engineer,MITRE,"McLean, VA",https://stackoverflow.com/jobs/514492
DevOps Engineer* – Software-Entwicklung für das Fahrzeug-Infotainment,IAV GmbH,"Berlin, Deutschland",https://stackoverflow.com/jobs/562771
Quality Manager Infotainment Systems (f/m/x),BMW Group,"Ulm, Deutschland",https://stackoverflow.com/jobs/556421
Senior Site Reliability Engineer - Core Team,Assurance,No office location,https://stackoverflow.com/jobs/565724
Senior Cloud Software Engineer,Intel Corporation,"Shanghai, China",https://stackoverflow.com/jobs/540182
Graduate Program – Information Technology (IT),Flossbach von Storch AG,"Köln, Deutschland",https://stackoverflow.com/jobs/560840
Ecosystems Software Engineer,Intel Corporation,"George Town, Malaysia",https://stackoverflow.com/jobs/552553
Embedded Linux Engineer,Canonical,No office location,https://stackoverflow.com/jobs/551201
Sr. DevOps Engineer,SpaceX,"Hawthorne, CA",https://stackoverflow.com/jobs/562440
"Software Engineer, Post Trade Team",DriveWealth Technologies LLC,No office location,https://stackoverflow.com/jobs/548618
Data Science - Engineering Manager,Belvo Technologies,No office location,https://stackoverflow.com/jobs/559029
Business Intelligence Analyst (f/m/x),Cosuno,"Berlin, Germany",https://stackoverflow.com/jobs/520303
Cloud Infrastructure Engineer,Relay42,"Amsterdam, Netherlands",https://stackoverflow.com/jobs/407421
"Tech Lead, Data Infrastructure",McD Tech Labs,"Mountain View, CA",https://stackoverflow.com/jobs/523800
"Site Reliability Engineer, Kubernetes",camunda,No office location,https://stackoverflow.com/jobs/550386
"Data Architect, Data Platform",Flyr Inc,"Los Angeles, CA",https://stackoverflow.com/jobs/529117
IT-Administratorin oder IT-Administrator (w/m/d),DLR - Deutsches Zentrum für Luft- und Raumfahrt,"Braunschweig, Deutschland",https://stackoverflow.com/jobs/561023
Back End Developer (m/f/d) remote possible,Retresco GmbH,"Berlin, Deutschland",https://stackoverflow.com/jobs/527881
Leitende Softwareentwicklerin oder leitender Softwareentwickler (w/m/d),Deutsches Zentrum für Luft- und Raumfahrt e. V. (DLR),"Weßling, Deutschland",https://stackoverflow.com/jobs/560835
Technical Specialist - System Services,Derivco.,"Umhlanga, South Africa",https://stackoverflow.com/jobs/528648
Product Manager (m/f/d),eBay,"Kleinmachnow, Germany",https://stackoverflow.com/jobs/561810
Product Manager – Business Intelligence (m/w/d),Basler AG,"Ahrensburg, Deutschland",https://stackoverflow.com/jobs/565318
Senior DevOps Engineer,DriveWealth Technologies LLC,No office location,https://stackoverflow.com/jobs/548619
Solution Engineer (m/w/d) - Cloud AWS,Deloitte Deutschland,"Düsseldorf, Deutschland",https://stackoverflow.com/jobs/533754
Public Cloud Consultant,Canonical,No office location,https://stackoverflow.com/jobs/551198
Lead DevOps / SRE Engineer (f/m/d),HeidelbergCement AG,"Heidelberg, Deutschland",https://stackoverflow.com/jobs/555118
DevOps Engineer - Geocoding Services,Esri,"Redlands, CA",https://stackoverflow.com/jobs/561045
Backend Engineer,Akselos S.A.,"Lausanne, Switzerland",https://stackoverflow.com/jobs/519931
Data Engineer,Samotics,"Leiden, Netherlands",https://stackoverflow.com/jobs/518209
Operations Engineer (Remote),We Got POP Ltd,No office location,https://stackoverflow.com/jobs/556553
Data Engineer,Hubs,"Amsterdam, Netherlands",https://stackoverflow.com/jobs/558873
"Senior Support & Software Engineer, NY Metro Area (AMERICAS)",Canonical,No office location,https://stackoverflow.com/jobs/534711
"Cloud Operations Engineer, APAC",Canonical,No office location,https://stackoverflow.com/jobs/526213
Data Engineer,Capital Group,"Irvine, CA",https://stackoverflow.com/jobs/558026
LEAD INSTRUCTOR - DATA SCIENCE [full time || part time],WBS Gruppe,No office location,https://stackoverflow.com/jobs/529936
(Senior) Data Engineer - Ad Tech (f/m/d),Delivery Hero SE,"Berlin, Germany",https://stackoverflow.com/jobs/560822
IT System Administrator / DevOps (f/m/x),ImFusion GmbH,"München, Deutschland",https://stackoverflow.com/jobs/562665
Data Analytics Strategist – HConnect (f/m/d),HeidelbergCement AG,"Heidelberg, Deutschland",https://stackoverflow.com/jobs/546689
"Tech Lead Engineering Manager, Business Integrity",ByteDance,Singapore,https://stackoverflow.com/jobs/553100
Senior Cloud Security Engineer,komoot,No office location,https://stackoverflow.com/jobs/565786
Software Engineer,Intel Corporation,"Hillsboro, OR",https://stackoverflow.com/jobs/530570
Senior QA Engineer (m/f/d),Relayr,"Berlin, Germany",https://stackoverflow.com/jobs/561711
Software Engineer (Network Software),SpaceX,"Hawthorne, CA",https://stackoverflow.com/jobs/562442
Senior DevOps Engineer,Higher Logic,"Arlington, VA",https://stackoverflow.com/jobs/529128
DevOps Lead,Which?,"London, UK",https://stackoverflow.com/jobs/556891
Senior DevSecOps Engineer - REMOTE,MUFG,No office location,https://stackoverflow.com/jobs/559426
DevOps Cloud Engineer (Kubernetes) - Remote,IG Group,No office location,https://stackoverflow.com/jobs/532885
Machine Learning Engineer,Relay42,"Amsterdam, Netherlands",https://stackoverflow.com/jobs/469169
"Cloud Operations Engineer, Americas",Canonical,No office location,https://stackoverflow.com/jobs/522545
Cloud Software Engineer,Intel Corporation,"Hillsboro, OR",https://stackoverflow.com/jobs/530195
(Associate) Developer (f/m/d) SAP HANA Cloud Innovations,SAP,"Walldorf, Germany",https://stackoverflow.com/jobs/549953
Engineering Manager,Gorgias,No office location,https://stackoverflow.com/jobs/560110
Data Scientist (m/w/d),NETZSCH Process Intelligence GmbH,"Selb, Deutschland",https://stackoverflow.com/jobs/565602
Senior DevOps Engineer,AIR MILES,"Toronto, ON, Canada",https://stackoverflow.com/jobs/539243
DevOps / System Engineer - (f/m/d),Delivery Hero SE,"Berlin, Germany",https://stackoverflow.com/jobs/560698
Senior DevOps Engineer Consultant |  Full-time or Contract | Remote,Copado Strategic Services,No office location,https://stackoverflow.com/jobs/517961
Open source stack software engineering lead,Canonical,No office location,https://stackoverflow.com/jobs/564537
"Cloud Platform Engineer, SAP Fieldglass",SAP,"Chicago, IL",https://stackoverflow.com/jobs/536337
"Engineer, Android",Citizen,No office location,https://stackoverflow.com/jobs/499672
Senior SDET - Automation,IMS,"Crewe, UK",https://stackoverflow.com/jobs/524948
Data Engineer,Samotics,"Leiden, Netherlands",https://stackoverflow.com/jobs/518209
Senior Data Scientist - Data Foundation,Spotify,"New York, NY",https://stackoverflow.com/jobs/499628
Automation Developer - Operations,MHR,"Ruddington, UK",https://stackoverflow.com/jobs/544506
Solution Engineer (m/w/d) - Cloud AWS,Deloitte Deutschland,"Düsseldorf, Deutschland",https://stackoverflow.com/jobs/533754
Data Science - Engineering Manager,Belvo Technologies,No office location,https://stackoverflow.com/jobs/559029
C Embedded Engineer,SQUAD,"Kyiv, Ukraine",https://stackoverflow.com/jobs/516403
Systemadministrator (w/m/d) für Linux-Server und -Arbeitsplatzrechner,energy & meteo systems GmbH,"Oldenburg, Deutschland",https://stackoverflow.com/jobs/565377
Data Engineer - Where GovTech and FinTech Meet,PayIt,No office location,https://stackoverflow.com/jobs/557203
Principal Engineer - Omni-Channel Communications,Assurance,No office location,https://stackoverflow.com/jobs/565725
Operations Engineer (Remote),We Got POP Ltd,No office location,https://stackoverflow.com/jobs/556553
Senior Cloud Infrastructure Engineer - OPEN TO REMOTE,The RealReal,"San Francisco, CA",https://stackoverflow.com/jobs/552029
Graphics SRIOV Virtualization Developer,Intel Corporation,"Bengaluru, India",https://stackoverflow.com/jobs/539293
Senior Fullstack Engineer,Revieve Oy,No office location,https://stackoverflow.com/jobs/560693
DevOps Engineer* – Software-Entwicklung für das Fahrzeug-Infotainment,IAV GmbH,"Berlin, Deutschland",https://stackoverflow.com/jobs/562771
Linux Kernel Engineer,Canonical,"Taipei, Taiwan",https://stackoverflow.com/jobs/454598
"Engineer, iOS",Citizen,No office location,https://stackoverflow.com/jobs/561576
Site Reliability Engineer,Jelli,"San Mateo, CA",https://stackoverflow.com/jobs/543740
Senior DevOps Platform Delivery Engineer,MITRE,"McLean, VA",https://stackoverflow.com/jobs/528317
Senior Security Analyst (d/m/w) Schwerpunkt IDS und Bedrohungsanalyse,DEVK Versicherungen,"Köln, Deutschland",https://stackoverflow.com/jobs/524954
Senior Design Engineer,Real StaffingviaReal Staffing US,"Cincinnati, OH",https://stackoverflow.com/jobs/522494
Lead Azure Cloud Engineer,MITRE,"Bedford, MA",https://stackoverflow.com/jobs/515328
Senior Data Analyst,komoot,No office location,https://stackoverflow.com/jobs/565787
"Sr. Software Engineer, Machine Learning Infrastructure",Chan Zuckerberg Initiative,"Redwood City, CA",https://stackoverflow.com/jobs/565330
DevOps Engineer  (Jede*r),tarent solutions GmbH,No office location,https://stackoverflow.com/jobs/555101
Senior Solution Engineer (m/w/d) - Cloud Azure Expert,Deloitte Deutschland,"Düsseldorf, Deutschland",https://stackoverflow.com/jobs/533755
Senior Data Scientist - Data Foundation,Spotify,"New York, NY",https://stackoverflow.com/jobs/499628
"Senior Cloud Engineer (m/w/d) - Deutsch C1 erforderlich, 80-90% remote möglich",Ganz & Stock,"Offenburg, Deutschland",https://stackoverflow.com/jobs/565776
Senior DevOps Engineer,"Comscore, Inc.",No office location,https://stackoverflow.com/jobs/556770
QA Devops Engineer - Open Source Database Solutions (remote),Percona Staffing LLC,No office location,https://stackoverflow.com/jobs/562423
Cloud Data Architect mit Flair für AI,ti&m AG,"Bern, Schweiz",https://stackoverflow.com/jobs/522336
Network Software Engineer,Intel Corporation,"Bengaluru, India",https://stackoverflow.com/jobs/539257
Embedded Linux Engineer,Canonical,No office location,https://stackoverflow.com/jobs/541320
Senior Information Security Analyst- 1 year Contract - Remote,Tucows,No office location,https://stackoverflow.com/jobs/522324
Big Data DevOps Engineer,Ultra Tendency,No office location,https://stackoverflow.com/jobs/556898
"Software Engineer, AVP",MUFG,"Charlotte, NC",https://stackoverflow.com/jobs/559429
Solution Engineer (m/w/d) - Cloud Azure,Deloitte Deutschland,"Düsseldorf, Deutschland",https://stackoverflow.com/jobs/533750
Senior Software Engineer (Java)- Database Services,Mimecast,"London, UK",https://stackoverflow.com/jobs/558741
Sr. Director SRE,Genesys,No office location,https://stackoverflow.com/jobs/552041
Database Administrator III,"Wikimedia Foundation, Inc.",No office location,https://stackoverflow.com/jobs/555173
Hyperscale Cloud Developer Advocate,Intel Corporation,"Hillsboro, OR",https://stackoverflow.com/jobs/528557
Data Scientist,AutoTrader,"Toronto, ON, Canada",https://stackoverflow.com/jobs/529015
"Senior Software Development Engineer in Test - (SDET, US Only)","Pie Insurance Holdings, Inc.",No office location,https://stackoverflow.com/jobs/506438
Sr Security Engineer,"Comscore, Inc.","Reston, VA",https://stackoverflow.com/jobs/556547
Intermediate Observability Engineer,Derivco.,"Umhlanga, South Africa",https://stackoverflow.com/jobs/528647
Engineering Systems Administrator,Thycotic,No office location,https://stackoverflow.com/jobs/559032
Software Engineer,Intel Corporation,"Hillsboro, OR",https://stackoverflow.com/jobs/530206
Full Stack Lead/Architect (Sr. Deep Learning R and D Engineer),Intel Corporation,"Bengaluru, India",https://stackoverflow.com/jobs/539294
Electrical Engineer,MITRE,"McLean, VA",https://stackoverflow.com/jobs/523954
Data Engineer - Where GovTech and FinTech Meet,PayIt,No office location,https://stackoverflow.com/jobs/557203
Big Data / ETL Data Engineer (m/w/d),Generali AG,"Aachen, Deutschland",https://stackoverflow.com/jobs/559930
Senior SRE / DevOps Engineer (m/f/d),CARIAD,"Wolfsburg, Germany",https://stackoverflow.com/jobs/561427
Senior IoT Systems Engineer,Canonical,No office location,https://stackoverflow.com/jobs/512740
Software Engineer,Intel Corporation,"Shanghai, China",https://stackoverflow.com/jobs/540589
Development Expert Business Network Pay,SAP,"Bengaluru, India",https://stackoverflow.com/jobs/545678
"Director, Data Engineering","HomerLearning, Inc.",No office location,https://stackoverflow.com/jobs/565761
Data Scientist – Network Analysis and Control,MITRE,"Bedford, MA",https://stackoverflow.com/jobs/515357
Software Engineer,Intel Corporation,"Hillsboro, OR",https://stackoverflow.com/jobs/530570
Senior DevOps Engineer,The Orchard,"London, UK",https://stackoverflow.com/jobs/543315
Senior DevSecOps Engineer - REMOTE,MUFG,No office location,https://stackoverflow.com/jobs/559426
Data Scientist (m/w/d),NETZSCH Process Intelligence GmbH,"Selb, Deutschland",https://stackoverflow.com/jobs/565602
"Cloud Engineer (Azure, Google Cloud Platform, AWS)",ti&m AG,"Bern, Schweiz",https://stackoverflow.com/jobs/522337
"Software Engineering Manager, Seattle WA",MSCI,"Seattle, WA",https://stackoverflow.com/jobs/565855
Network Software Engineer,Intel Corporation,"Bengaluru, India",https://stackoverflow.com/jobs/539257
Embedded Linux Engineer,Canonical,No office location,https://stackoverflow.com/jobs/541320
Senior DevOps Engineer,AIR MILES,"Toronto, ON, Canada",https://stackoverflow.com/jobs/539243
Security Engineer - APPSEC (f/m/x),PPRO,"München, Germany",https://stackoverflow.com/jobs/554399
Field Software Engineer - APAC,Canonical,No office location,https://stackoverflow.com/jobs/512382
Solution Engineer (m/w/d) - Cloud Azure,Deloitte Deutschland,"Düsseldorf, Deutschland",https://stackoverflow.com/jobs/533750
Hyperscale Cloud Developer Advocate,Intel Corporation,"Hillsboro, OR",https://stackoverflow.com/jobs/528557
"Sr. Software Engineer, Data Products/Engineering",STARZ,"Englewood, CO",https://stackoverflow.com/jobs/474776
Senior Architect,Capital Group,"Irvine, CA",https://stackoverflow.com/jobs/558027
Database Administrator III,"Wikimedia Foundation, Inc.",No office location,https://stackoverflow.com/jobs/555173
Sr Security Engineer,"Comscore, Inc.","Reston, VA",https://stackoverflow.com/jobs/556547
Engineering Systems Administrator,Thycotic,No office location,https://stackoverflow.com/jobs/559032
Embedded Linux Consulting Engineering Director,Canonical,No office location,https://stackoverflow.com/jobs/562923
Machine Learning Engineer,Research Square,No office location,https://stackoverflow.com/jobs/545531
"Cloud Platform Engineer, SAP Fieldglass",SAP,"Chicago, IL",https://stackoverflow.com/jobs/536337
Site Reliability Engineer,Jelli,"San Mateo, CA",https://stackoverflow.com/jobs/543740
"Director, Data Engineering","HomerLearning, Inc.",No office location,https://stackoverflow.com/jobs/565761
Lead Azure Cloud Engineer,MITRE,"Bedford, MA",https://stackoverflow.com/jobs/515328
Kubernetes Engineering Manager,Canonical,No office location,https://stackoverflow.com/jobs/551186
Platform Engineer,SUSE,No office location,https://stackoverflow.com/jobs/555636
AI Solutions Architect,Intel Corporation,"Bengaluru, India",https://stackoverflow.com/jobs/539246
"Cloud Engineer (Azure, Google Cloud Platform, AWS)",ti&m AG,"Zürich, Schweiz",https://stackoverflow.com/jobs/522303
Senior DevSecOps Engineer - REMOTE,MUFG,No office location,https://stackoverflow.com/jobs/559433
Senior DevOps Engineer - Data Operations,"Sailpoint Technologies, Inc.",No office location,https://stackoverflow.com/jobs/557351
"Software Engineering Manager, Seattle WA",MSCI,"Seattle, WA",https://stackoverflow.com/jobs/565855
Site Reliability Engineer,HomeStars,No office location,https://stackoverflow.com/jobs/560072
Senior Full Stack Engineer,BenchSci,"Toronto, ON, Canada",https://stackoverflow.com/jobs/520675
DevOps Engineer,ProQuest,"Ann Arbor, MI",https://stackoverflow.com/jobs/555435
Lead Data & Integration Engineer (HConnect) (f/m/d),HeidelbergCement AG,"Heidelberg, Deutschland",https://stackoverflow.com/jobs/537894
Senior Software Engineer - Security Data Management,Anchore,No office location,https://stackoverflow.com/jobs/552360
Analytics Manager,eBay,"London, UK",https://stackoverflow.com/jobs/562306
Scala Engineer,Snowplow Analytics,No office location,https://stackoverflow.com/jobs/562416
Senior Solutions Architect/Data Architect,Intel Corporation,"Hillsboro, OR",https://stackoverflow.com/jobs/530028
Senior Security Engineer,BenchSci,"Toronto, ON, Canada",https://stackoverflow.com/jobs/520679
Security Infrastructure Engineer,Bloomreach,No office location,https://stackoverflow.com/jobs/525009
Linux Kernel Engineer,Canonical,"Taipei, Taiwan",https://stackoverflow.com/jobs/454598
Senior DevOps Platform Delivery Engineer,MITRE,"McLean, VA",https://stackoverflow.com/jobs/528317
DevOps Engineer  (Jede*r),tarent solutions GmbH,No office location,https://stackoverflow.com/jobs/555101
Site Reliability Engineer - Terraform,SpotMe,No office location,https://stackoverflow.com/jobs/308372
Site Reliability Engineering Manager,Canonical,No office location,https://stackoverflow.com/jobs/533163
Senior DevOps Engineer,Ascensus,No office location,https://stackoverflow.com/jobs/525432
Kubernetes Engineering Manager,Canonical,No office location,https://stackoverflow.com/jobs/551186
AI Solutions Architect,Intel Corporation,"Bengaluru, India",https://stackoverflow.com/jobs/539246
Senior DevOps Engineer,"Comscore, Inc.",No office location,https://stackoverflow.com/jobs/556770
Scala Engineer,Snowplow Analytics,No office location,https://stackoverflow.com/jobs/562416
Associate IoT Systems Engineer,Canonical,No office location,https://stackoverflow.com/jobs/487604
Senior Solutions Architect/Data Architect,Intel Corporation,"Hillsboro, OR",https://stackoverflow.com/jobs/530028
Senior DevOps Engineer - Data Operations,"Sailpoint Technologies, Inc.",No office location,https://stackoverflow.com/jobs/557351
Cloud Engineer,Olo,No office location,https://stackoverflow.com/jobs/516558
DevOps Engineer,ProQuest,"Ann Arbor, MI",https://stackoverflow.com/jobs/555435
Electrical Engineer,MITRE,"McLean, VA",https://stackoverflow.com/jobs/523954
Analytics Manager,eBay,"London, UK",https://stackoverflow.com/jobs/562306
Senior Software Engineer - Security Data Management,Anchore,No office location,https://stackoverflow.com/jobs/552360
Senior Cloud Software Services Architect,Intel Corporation,"Hillsboro, OR",https://stackoverflow.com/jobs/530190
"Site Reliability Engineer, Americas",Canonical,No office location,https://stackoverflow.com/jobs/454608
Computer Scientist - Development Programs - Entry/ Mid-Level,National Security Agency,"Fort Meade, MD",https://stackoverflow.com/jobs/565896
Software Engineering Manager - Canonical Fast Track,Canonical,No office location,https://stackoverflow.com/jobs/561984
Senior Security Engineer - REMOTE,MUFG,No office location,https://stackoverflow.com/jobs/559444
"Cloud Engineer, AVP -Remote",MUFG,No office location,https://stackoverflow.com/jobs/559428
Security Infrastructure Engineer,Bloomreach,No office location,https://stackoverflow.com/jobs/525009
Gruppchef inom data science,Säkerhetspolisen,"Stockholm, Sweden",https://stackoverflow.com/jobs/558998
Cyber Mitigations Analyst/System Vulnerability Analyst - Entry to Expert Level,National Security Agency,"Fort Meade, MD",https://stackoverflow.com/jobs/565898
Software Engineer,ComplyAdvantage,"London, UK",https://stackoverflow.com/jobs/527835
Senior Software Engineer Backend,Drooms GmbH,"Frankfurt am Main, Deutschland",https://stackoverflow.com/jobs/530685
Senior Software Engineer,ComplyAdvantage,"London, UK",https://stackoverflow.com/jobs/504650
Software Engineers,Lightmatter,No office location,https://stackoverflow.com/jobs/565756
Full-Stack Junior Software Engineer,Automation Consultants,"Reading, UK",https://stackoverflow.com/jobs/516045
Software Engineer,Reaktor,"Lisboa, Portugal",https://stackoverflow.com/jobs/553136
Senior Full Stack Engineer (Remote),Sector Labs,No office location,https://stackoverflow.com/jobs/517508
Junior Software Engineer im Firmenübergreifenden Trainee-Programm (100%),M&F Engineering AG,"Weiningen, Schweiz",https://stackoverflow.com/jobs/233263
Head of Engineering (m/f/d),VEACT GmbH,"München, Deutschland",https://stackoverflow.com/jobs/538334
Senior Full Stack Engineer,Sector Labs,"Cluj-Napoca, Romania",https://stackoverflow.com/jobs/517510
Senior Software Engineers,Lightmatter,No office location,https://stackoverflow.com/jobs/523002
Senior Software Engineer (Go),HENNGE K.K.,"Tokyo, Japan",https://stackoverflow.com/jobs/555512
Senior Backend Developer (f/m/d),HOMELIKE INTERNET GmbH,"Köln, Deutschland",https://stackoverflow.com/jobs/522556
Senior Software Engineer – Container Ecosystem,SUSE,No office location,https://stackoverflow.com/jobs/554241
"Software Engineering Manager - Selection Domain, Core Order (w/m/d)",Delivery Hero SE,"Berlin, Germany",https://stackoverflow.com/jobs/562276
Senior Software Engineer,Slimmer AI,"Groningen, Netherlands",https://stackoverflow.com/jobs/561547
Sr. Software Engineer,SpaceX,"Hawthorne, CA",https://stackoverflow.com/jobs/562441
Senior Data Engineer - Remote,Didomi,"Paris, France",https://stackoverflow.com/jobs/557607
Platform Engineer,Octopus Energy,"Houston, TX",https://stackoverflow.com/jobs/531787
Principal Java Engineer,Picnic,"Amsterdam, Netherlands",https://stackoverflow.com/jobs/559762
Full Stack Engineer (Application Engineer),Rakuten,"Setagaya City, Japan",https://stackoverflow.com/jobs/527726
Software Engineer,Real StaffingviaReal Staffing US,"Irvine, CA",https://stackoverflow.com/jobs/525444
"Interview Engineer (Remote, United Kingdom)",Karat.com,No office location,https://stackoverflow.com/jobs/565630
Senior DevOps Engineer (Cloud Solutions),Coda Payments,No office location,https://stackoverflow.com/jobs/565675
NLP Developer,"Yaraku, Inc.","Shibuya City, Japan",https://stackoverflow.com/jobs/286235
"Interview Engineer (Remote, Australia)",Karat.com,No office location,https://stackoverflow.com/jobs/565625
"Interview Engineer (Remote, Israel)",Karat.com,No office location,https://stackoverflow.com/jobs/565628
"Interview Engineer (Remote, South Africa)",Karat.com,No office location,https://stackoverflow.com/jobs/565624
Lead AI Engineer,Singapore Innovate Pte. Ltd,Singapore,https://stackoverflow.com/jobs/560743
"Interview Engineer (Remote, Mexico)",Karat.com,No office location,https://stackoverflow.com/jobs/565629
Research Scientist,"Edgestream Partners, L.P.","Princeton, NJ",https://stackoverflow.com/jobs/518607
"Interview Engineer (Remote, Canada)",Karat.com,No office location,https://stackoverflow.com/jobs/565626
Principal Java Engineer,Picnic,"Amsterdam, Netherlands",https://stackoverflow.com/jobs/559762
DevOps Engineer (w/m/d) - bundesweit & Homeoffice,objective partner AG,"Weinheim, Deutschland",https://stackoverflow.com/jobs/550881
UX Designer (m/w/d) 100%,Gardena GmbH,"Zürich, Switzerland",https://stackoverflow.com/jobs/531444
Senior Security Engineer,Open Systems AG,"Noida, India",https://stackoverflow.com/jobs/548050
Senior SOC Engineer (Remote - Canada),Open Systems AG,"Vancouver, BC, Canada",https://stackoverflow.com/jobs/548058
Mitarbeiter*in (m/w/d) im IT-Kundensupport,LexCom Informationssysteme GmbH,"München, Deutschland",https://stackoverflow.com/jobs/560572
Scientific Applications Developer,DownUnder GeoSolutions Pty Ltd,"West Perth, Australia",https://stackoverflow.com/jobs/352726
Deep Learning Engineer,SQUAD,"Kyiv, Ukraine",https://stackoverflow.com/jobs/518177
NLP Developer,"Yaraku, Inc.","Shibuya City, Japan",https://stackoverflow.com/jobs/286235
"Interview Engineer (Remote, Australia)",Karat.com,No office location,https://stackoverflow.com/jobs/565625
Engineering Technical Recruiter,QuantCo,"Berlin, Deutschland",https://stackoverflow.com/jobs/553016
"Manager, Data Science - Quick Commerce (f/m/d)",Delivery Hero SE,"Berlin, Germany",https://stackoverflow.com/jobs/560825
Senior SOC Engineer,Open Systems AG,"Zürich, Switzerland",https://stackoverflow.com/jobs/548049
Principal Full Stack Engineer,Sector Labs,"Cluj-Napoca, Romania",https://stackoverflow.com/jobs/517511
Integration App Product Engineer,SyncSmart.io (by LyntonWeb.com),No office location,https://stackoverflow.com/jobs/519804
FCAS2021: Information System Solution Architect (d/m/f) (Open),AIRBUS,"Ottobrunn, Germany",https://stackoverflow.com/jobs/552343
DevOps Engineer,Topic Embedded Systems B.V.,"Best, Netherlands",https://stackoverflow.com/jobs/561717
"Tech Lead Engineering Manager, Trust and Safety Engineering",ByteDance,Singapore,https://stackoverflow.com/jobs/546397
Senior Back-End Developer,Catawiki,No office location,https://stackoverflow.com/jobs/496306
Network Devops Engineer: CPD,Rakuten,"Tokyo, Japan",https://stackoverflow.com/jobs/524411
Backend Developer with Cloud experience,Accenture Romania,No office location,https://stackoverflow.com/jobs/534721
Scientific Applications Developer,DownUnder GeoSolutions Pty Ltd,"West Perth, Australia",https://stackoverflow.com/jobs/352726
Data Engineer (US Only),"Pie Insurance Holdings, Inc.",No office location,https://stackoverflow.com/jobs/545525
Machine Learning Technical Lead - E-commerce Risk Management,ByteDance,Singapore,https://stackoverflow.com/jobs/525174
"Engineering Manager, Data Infrastructure",HubSpot,"Cambridge, MA",https://stackoverflow.com/jobs/504204
Senior Data Engineer (US Only),"Pie Insurance Holdings, Inc.",No office location,https://stackoverflow.com/jobs/545526
Engineering Manager (Data Insights),ComplyAdvantage,"London, UK",https://stackoverflow.com/jobs/528535
